HG00096	HG00103	HG00106	HG00111	HG00116	HG00126	HG00132	HG00149	HG00150	HG00176
0	0	0	0	1	0	0	0	0	0
0	0	1	0	0	0	0	0	0	0
2	0	0	0	0	0	0	0	0	0
0	0	0	1	0	0	0	2	0	0
0	0	0	1	0	0	0	0	0	0
0	0	0	1	0	1	0	0	0	0
0	0	0	0	0	0	3	0	1	0
0	0	0	0	0	1	0	0	0	0
0	0	0	0	0	0	1	0	1	0
0	0	0	1	0	0	0	0	1	0
0	0	1	2	0	0	3	0	1	0
0	0	2	1	1	1	0	0	2	4
0	1	1	1	1	1	0	1	0	1
0	0	3	1	1	0	0	0	1	2
7	4	8	4	1	10	7	4	10	1
1	0	0	0	0	0	0	0	0	0
0	0	0	0	0	0	0	0	0	2
0	0	0	0	0	1	0	0	0	0
1	1	0	0	0	0	0	0	0	0
1	0	0	4	0	1	0	0	2	1
0	1	1	1	0	0	1	1	5	0
2	0	2	0	5	9	2	5	2	0
0	1	2	0	0	3	2	1	2	0
1	0	0	3	1	3	3	2	1	0
0	0	0	0	0	4	0	0	1	1
0	0	0	1	0	0	0	0	0	0
0	0	0	0	0	1	0	0	0	0
0	0	0	0	1	7	1	0	0	1
0	1	0	0	0	0	0	0	0	0
0	0	1	0	0	0	0	0	0	0
0	0	0	0	0	0	0	0	0	1
0	0	0	0	0	0	0	0	1	0
0	0	2	0	0	0	0	0	1	1
0	1	0	0	0	0	0	0	0	0
0	0	1	0	0	0	0	0	0	0
1	0	2	0	0	1	0	0	0	0
1	0	0	0	0	0	1	0	0	0
0	0	1	0	0	0	0	0	0	0
0	0	2	0	0	0	1	0	0	1
0	0	2	0	0	1	0	1	1	0
0	0	0	0	0	1	0	2	0	0
0	0	0	0	0	1	0	0	0	1
0	0	1	0	0	1	0	0	0	0
0	0	1	0	0	0	0	0	0	0
0	0	0	0	0	0	0	0	1	0
0	1	0	0	0	0	0	0	0	0
0	0	0	0	0	1	0	0	0	0
0	0	0	0	0	0	0	1	0	0
16	16	14	6	7	14	7	34	17	21
45	36	30	8	19	60	20	51	36	51
1	1	1	0	2	2	0	2	1	1
0	1	0	0	0	0	1	0	0	0
0	1	0	0	0	1	0	0	2	1
0	0	0	0	1	0	0	0	0	0
0	0	0	0	0	0	0	0	0	1
0	0	0	0	1	0	0	0	0	0
77	95	100	95	92	103	119	102	84	112
0	0	0	0	0	0	0	1	0	0
0	0	0	0	0	1	0	0	0	0
0	0	0	0	0	0	0	0	1	0
96	121	110	99	115	143	165	99	133	141
1	0	0	0	0	0	0	0	1	0
116	142	131	117	127	133	166	126	139	130
0	0	0	0	0	0	0	0	1	0
11	2	1	3	4	7	6	7	11	6
100	106	87	118	137	118	142	118	86	106
0	0	2	1	2	1	0	1	1	2
156	195	145	140	186	208	222	164	202	205
0	0	0	1	0	0	0	0	1	0
0	0	0	0	0	1	0	0	0	0
1	2	1	2	0	2	0	0	4	0
0	0	0	0	0	0	0	0	0	1
96	132	111	106	167	119	208	93	131	152
3	7	3	0	2	3	4	0	2	3
8	1	2	4	12	12	8	14	3	9
0	1	0	3	0	2	2	2	3	0
0	1	0	3	1	1	0	0	0	1
0	0	0	0	1	0	0	2	0	0
42	54	49	68	60	35	71	38	36	56
0	2	0	0	0	0	0	0	0	0
55	30	36	31	40	76	82	48	48	69
0	0	1	0	0	0	0	1	0	0
0	0	0	1	0	0	0	0	0	0
0	0	0	0	0	1	0	0	0	0
0	0	0	1	0	0	0	0	0	0
0	1	0	0	0	0	0	0	1	3
2	0	0	3	0	0	4	0	0	0
44	23	46	28	53	38	57	63	53	51
0	0	0	0	0	0	1	1	3	0
48	72	76	63	119	91	114	79	83	114
0	0	0	0	1	0	0	0	0	0
5	0	2	2	7	10	3	7	3	5
1	1	0	0	0	0	0	0	0	0
0	1	0	0	0	0	0	0	0	0
88	102	95	72	154	166	153	112	148	140
0	0	0	0	0	0	2	0	0	0
0	0	0	0	0	0	0	0	1	0
75	91	81	74	118	112	126	89	113	113
97	82	84	79	120	107	156	104	88	103
0	3	0	0	1	0	1	1	0	1
0	0	0	0	0	0	1	0	0	0
0	0	0	0	2	0	0	0	0	0
0	0	1	0	0	0	1	0	0	0
102	122	116	107	164	134	161	117	124	151
0	0	0	0	1	0	0	0	0	0
0	0	0	0	0	0	0	1	0	0
1	0	0	1	0	2	0	0	0	1
1	0	0	0	0	0	0	0	0	0
0	0	1	0	0	0	0	0	0	0
0	0	0	0	1	0	0	0	0	0
0	0	1	0	0	0	0	0	2	0
1	2	1	0	1	0	0	1	0	0
1	0	0	1	2	0	2	1	2	0
1	0	1	1	1	1	0	2	2	0
0	0	0	0	0	0	1	0	0	0
1	0	0	0	0	1	0	1	1	1
0	0	1	0	1	0	0	0	0	0
1	0	0	0	2	1	0	0	0	0
1	0	0	0	5	0	0	2	0	0
3	0	1	1	3	1	0	4	0	0
1	0	2	1	0	1	1	1	0	1
1	0	0	1	1	0	1	2	1	2
0	0	0	0	0	0	0	1	0	0
0	0	0	0	1	0	0	1	1	2
3	0	1	0	3	2	2	2	0	0
0	0	1	0	2	0	2	3	4	1
0	0	2	0	0	2	2	4	1	0
1	0	3	0	2	2	3	5	0	0
1	1	1	1	0	3	2	2	0	0
0	0	1	4	3	2	4	5	0	3
0	0	3	1	1	1	3	3	2	0
0	1	4	0	3	0	1	4	3	2
0	0	2	2	1	0	1	0	1	0
1	0	1	0	0	0	1	0	1	1
1	0	1	1	0	1	0	2	1	1
0	0	0	0	0	0	0	0	4	0
0	0	0	0	0	0	0	1	0	0
0	0	0	0	0	1	1	0	1	0
0	0	0	0	0	0	0	0	1	0
2	0	0	0	0	2	1	0	0	0
0	0	0	0	0	0	1	3	1	0
0	0	0	0	0	0	0	1	0	0
0	0	0	0	0	0	0	1	0	0
0	0	0	0	0	0	0	0	0	1
0	0	0	1	1	0	0	2	0	2
0	0	0	0	1	2	0	1	0	1
0	0	0	0	1	0	0	0	0	1
0	0	0	1	0	2	0	1	0	0
0	0	0	0	0	0	0	0	0	1
0	0	0	0	1	0	0	0	0	1
0	0	0	0	0	0	1	0	0	0
0	0	0	0	0	2	0	0	0	0
1	0	0	0	0	1	2	1	0	2
0	0	1	0	0	0	0	0	0	0
0	1	0	0	0	0	0	0	0	0
0	0	0	1	0	0	0	0	0	0
1	0	0	0	0	0	0	0	0	0
2	0	1	0	0	0	1	0	2	2
1	3	0	5	6	0	6	1	3	7
0	0	1	0	0	0	0	0	0	0
0	0	0	0	1	0	0	0	0	0
0	0	0	0	1	1	0	0	0	0
1	1	1	1	1	4	1	0	0	0
1	2	0	3	1	1	1	0	2	1
0	0	0	0	0	0	0	0	0	1
1	3	0	0	0	0	0	0	2	0
7	13	10	6	9	19	7	19	6	10
0	1	0	0	1	3	0	0	0	0
0	0	0	0	0	0	0	1	0	0
5	9	10	6	5	13	6	4	4	3
142	107	167	123	62	147	71	123	162	118
0	0	0	1	0	0	0	0	0	0
0	3	0	1	0	3	1	2	2	1
0	0	0	0	0	0	0	0	0	1
0	0	0	0	0	0	0	0	1	0
0	0	1	0	0	0	0	0	0	0
1	0	0	0	0	0	0	0	0	0
1	0	2	0	6	3	5	0	0	4
2	2	4	0	0	3	3	0	3	1
0	0	0	0	0	0	1	0	0	0
0	1	0	0	0	0	0	0	0	0
8	12	14	6	11	17	16	10	8	7
0	1	1	1	1	2	0	0	1	0
0	0	0	0	2	1	0	0	1	0
0	0	0	0	0	0	0	1	0	1
1	10	9	5	7	8	7	6	3	3
0	1	0	0	0	0	0	0	0	0
0	0	0	0	1	0	0	0	0	0
0	0	0	0	0	0	1	0	0	0
1	0	0	0	0	0	0	0	0	0
1	0	0	0	0	0	0	0	0	0
0	0	0	0	0	0	0	0	0	1
0	0	0	0	0	0	0	1	0	0
36	16	31	55	34	34	71	43	35	24
0	0	0	0	0	0	0	0	1	0
0	0	0	0	0	0	0	0	0	1
0	1	0	0	0	0	0	0	0	0
0	0	0	0	2	0	0	0	0	0
0	0	0	0	1	0	0	0	0	0
0	0	0	0	0	0	0	1	0	0
24	3	9	6	6	24	11	36	30	5
0	0	0	0	0	0	0	3	1	0
0	0	0	0	0	1	0	0	0	0
0	0	0	1	0	0	0	0	0	0
20	2	18	11	12	22	20	66	40	5
1	0	0	0	0	0	0	0	0	0
12	4	22	10	10	28	21	58	42	10
15	7	20	12	8	19	19	61	55	6
0	0	0	1	0	0	0	0	0	0
25	3	22	21	6	23	30	52	47	13
0	0	0	0	0	0	1	0	0	0
0	0	0	0	1	0	0	0	0	0
0	0	0	0	1	0	0	0	0	0
3	0	0	0	0	0	0	0	0	0
0	0	0	0	0	0	0	0	0	1
2	0	0	1	0	0	0	0	0	0
0	0	1	1	1	0	0	1	1	0
0	0	0	1	0	0	0	0	0	0
0	1	0	0	0	0	0	0	1	0
0	0	2	0	0	0	0	0	0	2
0	0	0	0	1	0	0	0	0	0
1	2	2	1	1	0	1	0	0	1
1	2	1	3	0	3	2	5	0	0
0	0	0	1	0	0	0	0	0	0
2	4	4	5	3	1	5	9	4	2
6	5	5	4	5	8	15	13	8	4
7	4	8	7	7	4	13	14	3	7
5	11	9	10	12	12	14	19	6	7
7	4	8	5	11	17	21	18	8	10
0	0	0	1	0	0	0	0	0	0
6	3	5	15	11	6	22	21	8	8
6	8	7	5	5	8	7	10	9	5
6	7	12	6	2	4	14	10	5	5
15	13	13	21	19	14	29	23	10	22
1	0	1	0	0	0	0	1	0	0
0	0	0	0	1	0	0	0	0	0
9	5	17	22	9	19	19	15	27	8
58	35	51	74	73	34	92	57	66	54
0	0	0	0	1	0	0	0	0	0
0	0	0	1	1	0	1	0	0	0
37	16	40	36	38	21	59	32	51	33
0	0	0	0	0	0	1	1	0	0
0	0	0	0	0	0	0	0	2	0
0	0	0	1	0	0	0	0	0	0
0	0	0	0	0	0	2	0	4	1
18	7	17	25	19	14	35	17	19	12
1	1	1	2	0	0	1	1	1	1
0	0	0	0	0	0	1	0	0	1
1	0	1	0	0	0	0	0	0	0
0	0	0	0	0	0	0	0	1	0
0	1	0	0	0	0	0	0	0	0
1	0	1	0	0	0	0	0	0	0
0	0	0	0	0	0	1	0	0	0
0	1	0	0	0	0	0	0	0	0
0	0	0	0	1	0	1	1	1	0
1	0	1	2	2	0	1	1	0	2
1	1	1	1	0	1	2	0	0	1
0	0	0	1	1	1	0	0	0	0
4	7	1	6	1	3	7	4	3	3
1	12	7	8	6	8	9	6	3	5
0	0	0	1	0	0	0	1	1	1
2	6	11	9	5	4	9	3	5	7
2	5	8	8	4	4	8	3	6	5
0	0	0	1	0	0	0	0	0	0
5	6	4	6	6	3	7	2	3	3
0	0	0	0	2	0	0	0	0	0
1	0	2	2	2	2	3	6	3	3
2	1	0	8	10	2	4	9	8	9
0	0	0	0	0	0	0	0	0	1
9	2	2	3	10	2	3	10	5	4
8	2	2	2	6	2	6	7	6	5
2	0	0	0	1	0	0	1	0	1
9	0	2	1	7	2	4	5	5	3
5	3	1	3	10	4	2	10	2	8
7	1	4	6	13	10	5	20	5	10
9	6	4	4	9	6	8	15	8	5
2	3	2	1	2	0	3	2	2	5
0	0	0	0	1	0	0	0	0	0
0	0	1	0	0	0	0	0	0	1
7	3	3	8	14	3	6	7	4	13
6	5	4	6	6	3	6	6	7	5
0	0	0	0	1	0	0	0	0	0
14	10	4	12	14	8	8	11	13	13
5	4	10	11	20	1	10	20	10	13
8	5	9	10	12	8	4	13	11	11
5	3	8	5	7	2	0	13	4	13
2	0	0	1	1	0	0	0	0	0
10	6	6	16	17	8	7	13	4	18
0	0	0	0	0	0	0	1	0	0
0	0	2	0	1	0	1	0	0	0
0	0	1	0	0	0	0	0	0	0
6	3	12	6	8	10	10	10	10	1
14	5	12	11	12	20	28	15	34	5
9	7	12	8	16	14	26	10	22	14
0	0	0	0	0	0	0	0	1	0
17	10	22	22	22	21	30	21	22	13
10	3	12	14	11	14	10	14	13	8
2	0	0	1	2	0	1	0	0	0
14	4	11	11	20	21	9	11	12	4
0	0	0	0	0	0	0	0	1	0
17	15	14	22	25	29	29	11	20	18
22	19	15	16	17	28	18	12	28	18
11	13	14	15	16	32	22	11	30	25
18	12	14	26	21	19	20	15	22	14
0	0	0	0	0	0	0	0	1	0
0	0	0	0	2	0	0	0	0	0
0	0	0	1	0	0	0	0	0	0
0	0	0	0	0	2	0	0	1	0
0	0	0	0	1	0	0	0	0	0
97	69	56	136	67	74	107	101	94	55
0	0	0	1	0	0	0	0	0	0
78	72	86	180	140	76	185	86	118	62
0	0	0	0	0	0	1	0	0	0
0	0	1	0	0	0	0	0	0	0
110	131	108	196	174	128	222	124	140	82
142	105	133	255	196	117	263	114	186	120
1	0	0	0	0	0	0	0	0	0
0	0	0	0	0	0	0	1	0	0
0	0	0	0	0	0	0	0	1	0
144	135	129	237	190	178	256	127	170	115
2	3	1	7	3	1	2	4	3	4
135	103	137	238	173	173	243	108	150	128
119	77	121	214	185	127	236	94	140	97
2	0	0	1	1	1	0	0	0	0
0	2	1	2	3	0	0	0	0	0
0	0	0	0	0	0	0	1	0	0
0	0	0	0	0	0	1	0	0	0
137	94	124	255	155	104	153	111	129	93
0	0	0	0	0	0	0	0	1	0
0	0	0	0	0	0	0	0	0	1
106	81	68	197	104	125	176	98	114	74
125	122	101	197	117	114	198	83	128	89
0	0	0	1	0	1	0	0	1	0
0	0	0	0	1	0	2	0	0	0
122	110	86	206	121	121	198	88	120	100
0	0	0	0	0	0	1	0	0	0
0	0	0	0	0	0	3	1	0	0
1	1	1	1	0	0	0	1	0	0
107	134	128	189	117	159	135	82	135	110
1	0	0	0	0	0	0	1	0	0
0	0	0	0	0	0	0	1	0	0
0	0	0	0	1	0	0	0	0	0
0	2	2	0	0	1	0	0	0	0
0	0	0	0	0	0	0	0	1	0
0	0	0	0	0	1	0	2	0	0
147	113	168	45	26	224	5	165	170	154
1	2	0	0	0	0	1	2	0	0
0	0	0	0	1	0	1	0	0	0
0	0	0	0	0	0	0	0	1	0
0	1	0	0	0	1	0	0	0	0
0	0	0	1	0	0	0	0	0	0
151	117	190	135	123	214	85	183	171	124
0	0	1	1	0	0	2	1	0	0
1	1	2	0	0	3	3	0	0	0
155	148	172	208	224	196	218	185	170	128
2	0	1	0	1	0	1	2	1	0
0	0	0	0	2	0	0	0	0	0
0	0	0	0	0	0	1	0	0	0
136	189	197	230	219	210	271	196	204	148
0	0	0	1	0	0	0	0	0	0
5	5	3	4	4	5	4	1	4	2
0	0	0	1	0	0	0	0	0	0
0	0	0	0	0	0	1	0	0	0
7	4	3	13	7	5	6	9	8	4
0	0	0	0	0	0	0	0	3	0
4	4	7	18	4	3	9	9	5	5
0	0	0	1	0	0	2	0	1	0
121	75	108	188	102	134	117	170	113	82
0	0	0	0	0	1	0	0	0	0
0	0	0	0	0	0	0	1	0	0
205	173	208	289	224	242	212	221	218	159
1	1	0	5	3	4	2	0	3	1
0	0	0	0	0	0	0	0	0	1
1	0	0	0	0	0	0	0	0	0
0	0	0	0	1	0	0	0	0	0
6	5	5	6	7	3	4	7	4	2
0	0	0	0	0	0	0	1	0	0
0	0	0	0	4	0	0	0	0	0
0	0	0	0	0	0	0	1	0	0
1	6	3	3	2	1	0	6	3	1
0	3	0	0	0	0	0	1	1	0
0	1	0	0	0	0	0	0	0	0
0	1	0	0	0	0	0	0	0	0
0	0	1	0	0	0	0	0	0	0
0	0	0	0	0	0	2	0	0	0
0	0	0	0	0	1	0	0	0	0
0	1	1	0	0	1	0	0	0	0
1	0	0	0	1	1	0	1	0	0
2	3	1	1	2	2	2	1	0	0
0	0	1	0	0	0	0	1	0	1
0	0	0	0	0	0	0	1	0	0
0	0	0	0	1	0	0	0	1	0
0	0	0	0	0	1	0	0	0	0
0	0	0	0	0	0	0	1	0	2
1	0	0	0	0	0	0	0	0	0
0	1	0	0	0	1	0	1	0	3
0	1	0	0	0	0	0	0	0	0
0	1	0	0	0	0	0	2	0	0
0	0	1	1	0	0	0	1	0	0
0	0	0	0	0	0	0	1	0	1
0	0	1	1	0	0	1	0	0	2
1	0	2	1	0	1	1	2	0	1
1	0	0	2	0	0	0	1	0	2
0	0	1	0	0	1	0	5	0	1
0	0	3	0	0	0	0	0	0	2
0	0	1	0	0	1	0	0	0	3
0	2	1	0	0	0	1	0	0	1
0	3	0	0	0	0	1	0	1	0
0	1	0	0	0	0	0	1	1	0
0	2	1	0	0	0	0	1	0	0
0	2	2	1	0	0	0	1	0	1
0	0	2	0	0	0	0	0	1	2
0	1	0	0	0	0	0	0	0	1
0	1	0	0	0	1	0	1	0	1
0	0	0	0	0	1	0	1	0	1
0	2	1	0	0	0	0	0	0	1
0	0	0	1	0	0	0	1	0	0
0	0	0	0	1	1	0	1	0	0
1	1	0	1	1	1	0	1	0	1
0	1	1	0	2	1	0	0	0	0
0	4	2	0	1	1	0	1	0	2
0	0	1	0	0	2	0	1	0	0
1	2	1	0	0	0	0	0	0	2
0	3	2	0	0	1	0	2	0	1
1	1	0	0	0	0	0	1	0	0
0	0	1	0	0	0	0	0	0	0
0	0	0	0	0	0	0	0	1	0
0	3	0	1	0	0	0	1	0	1
2	2	0	1	0	1	0	1	2	1
1	1	1	4	0	1	0	1	2	2
0	2	0	0	0	0	0	1	1	0
1	7	0	1	0	3	1	1	0	0
0	8	1	3	0	2	2	1	1	1
0	0	0	0	0	0	2	0	0	0
0	0	0	0	0	0	0	1	0	0
0	0	0	0	0	0	0	0	0	3
0	0	0	0	0	0	0	0	0	1
0	0	0	0	0	0	0	0	0	1
0	0	0	0	0	0	0	1	0	0
0	0	0	0	1	0	0	0	0	0
0	0	0	0	0	0	0	1	0	0
0	0	0	0	0	0	0	1	0	2
0	0	0	0	0	0	0	0	1	0
0	0	0	0	0	1	0	0	0	0
0	0	0	0	0	1	0	0	0	0
0	0	0	0	1	0	0	0	0	1
0	0	0	0	2	0	0	2	0	4
0	0	0	0	0	0	0	0	0	1
0	0	0	0	0	0	0	1	0	0
0	1	0	0	3	4	0	0	1	6
0	2	0	3	4	6	0	0	0	5
0	1	0	4	4	3	0	0	0	2
0	2	0	4	2	2	2	2	0	4
0	0	0	3	3	3	0	1	0	4
0	3	0	1	0	2	1	2	0	2
0	0	0	0	0	1	0	2	0	1
0	0	0	0	1	0	0	0	0	1
0	2	0	1	2	4	1	3	0	4
0	2	0	0	2	4	0	3	0	1
0	2	0	1	1	2	0	0	0	1
0	0	1	2	3	2	0	3	0	4
0	0	0	1	1	0	0	0	0	0
0	1	2	1	3	7	0	3	0	1
0	2	1	0	2	2	0	2	0	4
0	0	0	0	0	0	0	1	0	1
1	1	0	2	3	2	0	1	0	2
2	0	0	0	0	2	0	3	0	1
0	0	0	0	2	0	0	3	0	1
0	0	1	0	1	0	0	1	0	1
0	0	1	0	0	1	0	1	0	1
0	0	1	0	0	1	0	1	1	1
0	0	1	0	0	0	0	0	1	1
0	0	1	0	0	0	0	1	1	1
0	0	1	0	0	2	1	1	0	0
0	0	0	0	0	1	1	1	1	1
0	0	0	0	0	1	1	0	1	1
0	0	0	0	0	1	0	0	0	1
0	0	0	0	0	0	0	0	1	2
0	0	0	0	0	1	0	0	2	0
0	0	1	0	0	4	0	0	1	0
0	0	0	0	0	1	0	0	0	0
0	0	1	0	0	4	0	0	1	0
0	0	2	0	0	0	0	0	0	0
0	0	2	0	1	1	0	0	1	0
1	1	3	0	1	1	0	1	0	0
0	0	0	0	1	1	0	1	1	0
1	2	1	0	0	0	0	1	0	0
0	0	1	0	0	0	0	1	0	0
1	0	2	0	0	1	0	0	0	0
0	1	1	0	0	0	0	1	0	1
0	0	0	0	0	0	0	0	0	1
1	0	0	0	1	0	0	0	0	0
1	0	0	0	2	1	0	0	0	0
1	0	0	0	1	1	0	0	0	0
1	0	0	0	1	1	0	0	0	0
0	0	0	0	1	1	0	2	0	1
0	0	0	0	0	2	0	1	1	3
1	1	1	2	0	0	1	6	1	1
1	0	5	2	2	3	0	3	0	0
3	0	2	2	2	1	0	2	0	0
1	0	1	0	0	0	0	0	0	0
0	1	0	1	1	0	0	0	1	2
0	1	0	0	0	0	2	0	1	0
0	0	1	1	0	0	0	1	0	0
0	0	0	0	0	0	0	0	1	0
0	0	0	0	0	2	0	1	0	0
0	0	0	0	1	1	3	0	0	0
0	0	1	2	0	0	1	0	0	0
2	0	1	1	1	0	0	0	1	2
1	0	0	0	0	0	1	0	0	0
1	0	0	1	0	0	2	0	0	0
0	0	1	0	0	0	0	0	0	0
0	0	0	0	0	1	1	1	0	0
2	0	4	0	3	0	0	0	1	2
1	0	1	0	0	0	3	0	0	0
1	0	0	0	1	1	0	0	0	0
1	0	0	0	0	0	0	0	0	0
9	2	10	9	3	32	7	7	4	7
3	1	4	2	1	7	1	0	0	3
0	1	1	0	3	1	3	2	0	0
43	49	56	62	93	86	77	59	93	45
0	0	0	0	1	1	0	0	0	0
14	17	18	15	8	53	12	6	5	18
1	1	1	2	0	3	2	0	2	0
62	56	74	68	80	144	93	78	72	59
0	0	0	0	0	0	1	0	0	0
0	0	1	0	0	0	0	0	0	0
48	51	71	68	60	91	98	67	64	52
0	0	0	0	1	0	1	0	0	0
68	73	108	124	125	131	148	119	102	62
0	0	1	0	0	0	0	0	1	0
0	0	0	0	0	0	1	0	0	0
87	87	123	135	158	133	145	130	103	95
2	2	2	5	2	1	3	0	2	0
0	0	0	0	1	0	0	0	0	0
0	0	0	1	0	0	0	0	0	0
39	27	44	54	46	54	44	40	22	38
0	0	1	1	0	0	2	0	0	0
0	0	0	0	0	0	2	1	2	0
1	1	0	4	2	4	2	1	2	0
1	1	1	3	2	3	8	3	2	1
0	0	0	0	1	0	0	0	1	0
40	47	47	40	41	70	44	31	33	44
0	0	0	0	1	0	0	0	0	0
0	0	1	0	0	1	0	0	0	0
22	22	28	25	24	50	15	29	15	22
1	0	0	0	0	0	0	0	1	0
22	24	17	27	23	27	12	32	26	19
0	1	1	0	0	0	0	0	0	0
27	19	28	31	30	44	26	23	19	20
3	0	0	0	0	0	0	1	0	0
0	0	0	0	0	0	1	0	0	0
2	1	2	0	0	0	0	0	0	0
3	0	0	2	0	0	1	0	0	0
13	5	8	12	18	4	5	7	2	14
3	3	1	0	2	0	0	0	0	0
0	0	0	0	0	0	1	0	0	0
4	1	2	2	0	0	3	0	0	0
20	14	18	11	24	13	9	11	8	26
1	2	0	0	0	0	0	0	0	0
0	0	0	0	0	0	0	1	0	0
0	2	0	0	0	0	0	0	1	0
0	1	1	0	0	0	0	0	0	0
0	0	1	0	1	1	0	0	0	0
26	10	16	9	28	14	12	12	7	12
0	0	0	0	0	0	0	0	1	0
0	0	1	0	0	0	0	0	0	0
0	0	1	0	0	0	0	0	0	0
0	0	0	1	0	0	0	0	1	0
18	5	16	14	12	3	11	9	9	1
0	0	0	0	1	1	0	0	0	0
1	0	0	0	0	0	2	0	0	0
1	0	0	0	0	0	0	0	0	0
2	1	2	0	0	0	2	0	2	1
0	0	1	0	0	0	0	0	0	0
36	7	17	20	35	15	23	6	9	4
0	0	1	0	0	0	0	0	0	0
0	1	0	1	0	1	3	1	1	0
0	0	0	0	0	2	0	0	0	0
0	0	0	0	0	1	0	0	0	0
0	0	0	0	1	0	0	0	0	0
27	16	22	25	50	44	60	48	24	54
0	0	1	0	0	2	1	0	1	0
0	0	0	0	0	1	0	0	0	0
0	0	0	1	0	0	0	0	0	0
33	22	17	17	55	50	65	45	13	62
0	1	1	0	0	0	0	0	0	0
36	15	29	12	38	34	59	27	26	56
0	0	0	2	0	0	0	0	0	0
35	11	19	20	36	24	50	38	22	30
0	0	0	0	0	2	0	0	0	0
0	0	0	0	1	0	1	0	0	0
0	0	0	0	0	1	0	0	0	0
0	0	0	0	0	2	0	0	0	0
0	1	0	0	1	1	0	0	0	0
95	121	95	101	74	106	155	59	107	120
0	0	0	0	2	0	0	0	0	0
0	0	0	1	0	0	0	0	0	0
2	0	2	0	0	0	1	0	0	0
4	2	0	5	9	5	8	0	6	6
56	62	60	62	58	42	108	58	61	64
0	0	0	1	0	0	0	0	0	0
2	0	0	2	0	0	0	0	0	0
2	2	8	5	9	8	10	0	0	3
0	0	0	0	0	1	0	0	0	0
0	0	0	0	0	0	0	1	0	0
0	0	0	1	0	0	0	0	0	0
70	83	99	79	100	67	119	64	100	104
0	0	0	0	1	0	0	0	0	0
0	0	0	0	0	0	0	1	0	0
0	0	0	1	0	1	0	0	0	0
1	1	1	0	1	0	3	0	1	2
0	0	0	0	0	0	0	0	1	0
0	0	2	0	0	1	1	0	0	0
0	0	0	0	0	0	0	0	0	1
61	37	35	16	4	44	12	23	49	30
3	1	1	0	0	2	0	0	1	0
1	0	0	0	0	0	0	0	0	0
0	1	0	0	0	0	1	0	0	0
0	1	1	1	0	1	0	0	0	2
2	3	0	2	3	3	0	1	0	2
0	0	0	0	0	1	0	0	2	0
1	1	1	1	0	1	0	1	0	0
0	0	0	1	0	0	0	0	0	1
0	0	0	0	1	0	0	0	0	0
0	1	0	0	0	0	0	0	0	0
2	0	0	0	0	0	0	0	0	0
130	70	115	180	91	170	70	99	120	116
0	0	0	0	0	0	0	0	1	0
0	1	0	0	0	0	0	0	0	0
177	114	196	255	151	178	142	107	186	184
112	74	114	202	105	114	87	93	116	140
23	27	16	24	15	25	19	17	12	21
0	0	0	1	0	0	0	0	0	0
113	71	136	175	98	125	82	89	118	127
152	97	111	179	89	166	86	77	112	142
0	1	0	0	0	0	0	0	0	0
118	65	89	123	77	125	75	66	84	106
0	0	0	1	0	0	0	0	0	0
104	65	108	142	102	160	71	72	73	150
126	58	121	150	99	141	90	111	94	151
101	76	125	144	94	139	82	102	81	129
11	10	24	20	16	13	8	10	11	14
89	44	96	108	98	129	83	82	63	98
9	3	7	12	9	13	10	6	11	10
19	5	17	26	14	23	9	10	9	17
0	0	0	0	0	0	0	0	1	0
0	1	0	0	0	0	0	0	0	0
101	37	87	134	45	150	75	84	71	97
0	1	0	0	0	0	0	0	0	0
130	89	125	193	154	253	133	124	125	204
102	47	95	134	97	105	80	102	69	103
69	38	73	119	82	87	62	75	50	51
72	34	93	102	101	122	60	72	77	99
0	0	0	0	0	0	1	0	0	0
82	20	59	34	42	71	22	70	36	56
0	0	0	0	0	0	1	0	0	0
0	0	3	0	0	0	0	0	0	0
0	0	1	0	0	0	0	0	0	0
0	0	0	0	0	0	0	0	1	0
22	14	20	23	28	23	21	31	19	15
34	26	21	40	33	42	67	47	29	23
0	0	0	0	0	0	0	1	0	0
0	0	0	0	0	0	0	1	1	0
18	20	19	34	40	42	57	30	24	27
0	0	0	0	0	0	0	0	2	0
34	13	25	41	35	36	57	51	27	24
24	11	15	33	27	24	54	32	22	20
0	0	0	0	2	0	0	0	0	0
25	14	20	35	30	29	78	27	27	22
1	0	0	0	0	0	0	0	0	0
30	10	23	23	38	25	62	44	25	19
0	1	2	0	1	0	4	0	1	0
0	0	0	0	0	1	0	5	0	0
24	17	23	26	55	40	53	37	25	23
15	8	15	30	37	23	54	43	22	23
13	10	15	22	37	32	35	45	25	23
15	9	14	19	16	31	21	39	11	14
9	3	12	14	16	28	32	29	21	5
16	7	18	20	38	21	43	20	19	15
1	0	0	0	0	0	1	0	1	0
26	10	29	24	42	52	54	44	33	23
34	9	31	32	37	61	61	35	26	36
0	0	1	0	0	0	0	0	0	0
0	0	0	0	0	0	2	2	0	0
22	7	15	20	38	40	33	51	32	15
16	5	13	10	22	29	27	35	11	7
10	0	9	8	10	23	4	25	11	10
0	0	0	0	0	2	0	0	0	0
12	6	11	11	16	25	8	26	6	9
1	0	0	0	0	0	0	0	0	0
19	3	13	2	7	23	3	36	7	13
0	0	0	0	0	0	0	1	0	0
0	0	0	0	1	1	0	1	0	0
16	1	14	14	40	34	39	30	20	14
25	7	11	13	37	32	55	37	24	24
0	0	0	0	0	0	0	0	1	0
20	6	13	12	37	30	44	34	14	19
12	8	17	9	22	37	41	26	18	19
0	0	0	0	1	0	0	0	0	0
15	6	10	8	25	21	21	28	9	8
10	4	8	14	33	17	37	26	9	9
14	0	13	12	29	18	34	31	10	18
9	6	24	13	38	28	36	31	8	18
0	0	0	0	2	0	0	0	0	0
8	7	5	8	37	16	29	21	15	18
10	5	7	8	25	24	45	16	10	14
0	0	0	0	0	0	1	0	0	0
9	0	6	9	37	35	36	30	8	14
5	3	8	9	27	32	29	26	9	7
0	0	0	0	0	1	0	0	0	0
10	2	9	10	24	38	36	23	12	10
0	0	1	0	0	0	0	0	0	0
12	0	7	9	19	20	19	23	6	8
7	1	8	4	15	33	14	17	4	12
6	5	4	7	22	22	20	21	3	8
10	6	9	6	21	31	35	24	6	19
4	0	4	5	4	23	8	18	8	9
0	1	0	0	0	0	0	0	0	0
0	0	0	0	0	1	0	0	0	0
1	0	0	0	0	0	1	1	0	0
1	0	0	4	5	2	2	4	0	2
4	11	36	41	42	10	32	11	40	12
0	0	1	1	2	0	1	1	0	0
7	20	65	51	62	14	52	13	66	22
0	0	0	0	0	0	0	0	1	0
0	0	0	0	0	0	0	0	1	0
0	0	0	0	1	0	0	0	0	0
1	5	3	0	0	1	2	0	0	1
0	0	1	0	0	0	0	0	0	0
0	0	0	0	0	0	0	0	0	1
0	1	0	0	0	0	0	0	0	0
0	0	3	2	1	0	1	0	0	1
1	0	1	0	0	0	0	0	1	2
1	0	0	0	0	0	0	0	0	0
0	0	1	1	0	0	1	0	0	0
0	0	0	0	0	0	0	0	1	0
5	2	9	5	2	4	0	3	2	3
8	6	6	4	6	5	2	4	9	6
0	0	0	0	0	0	0	0	1	0
12	6	27	6	6	7	11	11	20	9
9	5	5	16	2	10	11	11	6	3
0	0	0	1	0	0	0	0	0	0
4	8	7	5	6	16	19	15	15	12
0	0	1	1	0	0	0	0	0	1
13	0	12	7	12	9	17	17	6	6
0	0	0	0	0	0	0	0	0	1
0	0	1	0	0	0	0	0	0	0
0	0	0	0	0	0	0	0	1	0
7	2	9	7	6	4	10	8	8	8
2	1	5	4	7	11	11	9	4	9
0	0	0	0	0	0	0	1	0	0
1	0	0	0	0	0	0	0	0	0
0	0	0	0	0	0	0	2	0	0
0	1	0	1	0	0	0	0	0	1
7	5	13	6	14	25	19	12	17	10
0	0	0	0	0	0	0	0	0	1
0	0	1	0	0	1	0	2	0	0
8	6	10	11	8	11	9	11	10	10
4	5	10	3	11	15	15	13	12	10
0	0	0	0	0	0	1	0	0	1
0	0	0	0	0	0	1	0	0	0
0	0	0	0	0	0	1	0	0	0
0	0	3	1	0	1	3	1	1	1
2	0	0	1	0	2	2	0	0	0
2	0	3	0	0	0	0	0	0	0
7	6	12	5	5	7	9	6	5	0
0	0	0	0	0	1	0	0	0	0
3	0	0	1	3	1	1	2	0	0
3	0	0	0	0	2	0	2	0	0
0	0	0	0	0	0	0	0	1	0
0	0	0	0	0	0	0	1	0	0
0	0	2	0	3	6	2	0	0	0
0	0	0	0	2	0	0	0	0	0
2	1	0	1	0	2	1	0	0	0
0	0	0	0	0	0	1	1	0	0
0	0	0	0	0	0	0	1	0	0
77	104	121	90	55	88	72	62	68	91
0	3	2	1	1	0	3	0	2	2
0	0	0	0	0	0	3	1	0	0
0	0	0	1	0	0	0	0	0	0
0	0	0	0	0	0	0	0	0	1
0	0	0	1	1	0	1	0	1	0
84	98	95	87	68	76	89	75	82	78
2	1	1	1	2	0	0	0	0	1
0	0	0	0	0	0	1	0	0	0
0	0	1	0	0	0	0	0	0	0
1	0	0	0	0	0	0	0	0	0
13	5	13	8	13	9	11	9	14	0
56	58	75	86	65	71	74	52	60	58
0	0	1	0	0	0	1	0	0	0
0	0	0	0	0	1	0	0	0	0
18	14	16	8	9	7	16	10	18	18
0	0	1	0	0	0	0	0	0	0
4	2	1	2	0	0	0	4	2	2
2	0	0	1	0	1	0	2	1	0
0	0	0	0	0	1	0	0	0	0
2	2	0	0	0	2	4	1	3	2
22	33	55	29	25	38	33	32	49	37
1	0	0	0	0	0	2	4	3	1
0	0	2	0	0	0	0	2	0	1
0	0	0	0	0	0	0	1	0	0
0	0	0	0	0	0	0	0	0	1
0	1	1	1	0	0	0	0	0	0
82	51	67	75	117	119	102	97	62	94
0	2	0	0	0	1	0	0	1	0
0	0	0	0	0	0	0	1	0	0
47	29	34	44	34	70	26	66	37	50
5	3	3	1	0	6	4	0	0	0
0	0	0	0	0	0	0	0	0	1
1	0	0	0	0	0	0	0	0	0
0	1	2	0	0	0	0	0	0	0
69	58	84	53	78	84	75	80	58	79
1	2	2	1	1	1	0	3	1	2
0	0	1	0	0	0	0	0	0	0
0	0	0	0	0	0	0	1	0	0
3	0	2	1	0	1	1	2	2	3
0	0	0	0	0	1	0	0	0	0
77	53	89	60	93	129	111	96	57	92
8	4	5	7	4	8	6	7	3	4
0	0	0	0	1	1	0	0	1	0
1	0	3	3	4	3	2	3	1	2
69	55	68	46	95	92	87	70	57	61
0	0	0	1	0	0	0	1	0	0
0	1	0	0	0	0	0	0	0	0
0	0	0	1	0	0	0	0	1	0
77	38	62	55	80	101	94	64	57	65
1	0	0	0	0	0	0	1	0	0
0	0	0	0	1	2	0	1	1	1
0	0	0	0	1	0	0	1	1	0
0	0	0	0	1	0	0	0	0	0
0	0	0	0	0	0	0	1	0	0
43	21	46	32	78	67	81	59	39	38
0	1	0	0	1	0	0	0	0	0
9	4	6	14	13	7	13	4	13	11
0	0	0	0	0	1	0	0	0	0
0	9	5	11	11	0	14	3	15	8
0	0	1	0	0	0	0	0	0	0
0	0	0	0	1	0	0	0	0	0
259	185	203	512	234	222	364	260	263	164
0	0	0	0	0	0	2	0	2	1
286	195	233	640	310	300	498	289	284	197
579	435	598	1338	767	753	1224	540	793	469
0	0	0	0	0	0	0	1	0	0
1	0	0	1	0	0	0	0	0	0
0	0	0	0	0	0	0	0	1	0
1	1	0	2	0	0	0	1	3	0
577	591	644	1056	638	980	1000	395	827	585
442	484	503	863	559	684	860	393	719	443
160	153	219	305	174	281	308	126	243	212
0	0	0	0	0	0	0	0	0	1
10	25	12	23	21	13	24	14	28	18
314	314	373	592	399	558	675	272	520	351
0	0	0	0	0	0	0	0	0	1
0	0	0	1	0	0	0	0	0	0
0	0	1	0	0	0	0	0	0	0
0	0	0	1	0	0	0	0	0	0
165	113	197	246	167	275	249	126	193	168
0	2	0	3	0	3	4	0	5	0
0	0	0	0	0	0	0	0	0	3
0	1	0	0	0	1	1	2	1	0
0	0	0	0	0	0	0	0	2	1
354	243	284	499	276	483	570	297	484	249
0	0	1	0	0	4	0	0	0	0
2	0	0	1	1	2	1	2	2	1
0	0	0	0	0	0	0	1	0	1
0	0	0	0	0	1	0	0	0	0
0	1	0	0	0	0	0	0	0	0
1	0	5	0	1	0	0	0	0	0
0	0	1	0	0	0	0	0	0	0
0	0	4	0	1	0	0	1	0	0
0	0	1	2	2	0	0	0	0	0
1	0	0	0	1	0	0	0	0	0
1	0	0	0	1	0	0	1	1	0
0	0	3	0	0	0	0	1	0	0
0	0	0	0	0	0	0	1	0	0
0	0	0	1	0	0	0	0	0	0
0	1	0	0	0	0	0	0	0	1
0	0	0	0	0	0	0	1	0	0
0	0	0	0	1	0	0	0	0	0
0	0	0	0	0	0	0	0	1	0
0	0	0	0	0	0	0	0	0	1
0	0	0	0	0	0	0	1	0	2
0	0	0	1	0	0	0	0	1	0
0	0	2	0	0	0	0	0	1	0
0	0	1	0	0	0	0	0	0	0
0	0	0	0	0	1	0	0	0	0
0	0	0	0	0	1	0	0	0	0
2	0	1	3	0	2	4	6	3	1
9	12	16	15	11	14	18	14	9	20
2	1	1	2	1	4	1	1	3	2
2	0	0	0	0	0	0	1	0	0
11	9	12	17	10	8	18	19	17	11
0	0	0	0	0	0	0	1	0	0
11	7	11	10	12	6	12	10	3	7
0	0	0	0	0	1	0	0	0	0
0	2	0	0	0	0	0	0	0	0
0	2	0	1	0	1	0	0	0	0
10	13	11	11	19	13	22	19	13	15
1	0	0	2	0	0	0	0	0	0
0	1	0	0	0	0	3	0	0	0
0	0	0	0	0	0	0	1	0	0
18	18	11	10	23	20	30	21	11	16
0	0	0	0	0	0	3	0	0	1
0	0	0	0	0	1	0	0	0	0
0	0	2	0	1	0	1	0	0	0
0	1	0	0	0	0	0	0	0	0
2	0	0	0	1	0	0	0	2	0
4	0	1	0	0	1	5	0	0	2
11	9	6	6	21	15	22	18	12	18
0	0	0	0	3	0	0	1	0	0
0	0	0	1	0	0	0	0	0	0
0	0	0	0	0	1	0	0	0	0
0	0	0	0	0	1	0	0	0	0
1	0	1	2	1	0	1	1	0	0
19	12	7	16	18	11	26	11	6	21
0	0	0	0	1	0	0	0	0	0
0	1	0	0	1	0	1	0	1	1
0	2	0	0	0	0	0	0	0	0
14	10	9	8	12	15	13	17	10	9
0	0	0	0	0	1	0	0	0	0
0	1	0	0	0	0	0	0	0	0
0	0	0	0	0	1	0	0	0	0
0	1	0	0	0	0	0	0	3	0
0	0	0	1	0	0	0	0	0	0
0	0	0	0	1	0	0	0	0	1
0	1	0	2	0	0	4	1	0	1
38	18	26	30	26	57	40	58	39	23
0	0	1	0	0	0	0	0	0	0
0	0	1	0	0	0	0	0	0	0
30	15	28	35	32	44	43	32	30	18
0	0	0	0	0	0	0	0	1	0
17	7	10	4	0	26	3	31	22	11
14	5	3	18	16	9	14	31	11	7
2	0	0	0	2	3	2	2	1	0
14	3	7	16	22	14	19	20	14	5
2	0	0	0	0	1	0	0	0	0
0	0	1	0	0	0	0	0	0	0
0	0	1	0	0	0	0	0	0	0
0	0	0	0	0	1	0	0	0	0
0	0	0	0	0	0	0	0	1	0
0	0	0	1	0	0	0	0	0	0
0	0	0	0	0	0	0	1	0	0
0	0	0	0	0	0	0	1	0	0
1	2	2	0	0	0	0	4	1	1
0	0	0	0	0	0	1	0	0	0
10	5	7	0	0	24	0	30	14	3
1	0	0	0	0	0	0	0	0	0
0	0	1	0	0	0	0	0	0	0
39	25	35	7	8	56	4	41	28	21
36	27	28	15	24	31	12	27	31	18
3	0	0	0	0	0	0	0	0	0
0	0	0	0	0	1	0	0	0	0
0	1	0	0	0	0	1	2	0	0
0	1	0	0	0	0	1	0	0	0
39	42	48	35	40	58	36	42	32	41
0	0	0	1	0	0	0	0	0	0
0	1	0	0	0	0	0	0	0	0
2	3	4	0	0	0	3	4	2	0
0	1	0	0	1	0	0	0	1	0
0	0	0	0	0	0	1	0	0	0
85	137	97	160	56	91	119	52	104	100
0	0	0	0	0	0	0	0	1	1
39	64	61	90	33	73	54	25	44	57
0	0	0	0	0	0	0	0	1	0
0	0	0	0	1	0	0	0	0	0
0	0	0	0	0	0	0	0	1	0
111	96	89	135	82	119	132	61	95	84
0	1	0	0	0	0	0	0	1	0
87	116	98	157	85	112	157	89	97	120
0	0	0	0	0	0	0	1	0	0
70	50	45	94	53	70	65	80	50	52
10	6	8	14	19	15	15	17	6	9
0	0	0	0	1	0	0	0	0	0
0	1	0	0	0	0	0	0	1	0
36	29	27	44	44	57	69	45	24	34
0	0	0	0	0	1	0	0	0	0
53	40	43	75	47	94	72	53	50	46
0	0	1	0	0	0	0	2	0	0
42	23	31	42	41	43	77	40	29	35
0	0	0	0	0	0	0	1	0	0
0	0	0	1	0	0	0	0	0	0
