"HG00096","HG00103","HG00106","HG00111","HG00116","HG00126","HG00132","HG00149","HG00150","HG00176"
1,1,1,1,1,1,1,1,1,1
1,1,1,1,1,1,1,1,1,1
1,1,1,0.958904581378698,1,1,1,1,1,1
1,1,1,0.9589045813787,1,1,1,1,1,1
1,1,1,1,1,1,1,1,1,1
1,1,1,1,1,1,1,1,1,1
1,1,1,1,1,1,0.816026929512113,1,1,1
1,1,1,1,1,0.866315258544248,1,1,1,1
1,1,1,1,1,1,1,1,1,1
1,1,1,0.926467338506609,1,1,1,1,1,1
1,1,1,1,1,1,1,1,1,1
1,1,1,1,1,1,1,1,1,1
1,1,1,1,1,1,1,1,1,1
1,1,1,1,1,1,1,1,1,1
0.434592270830658,1,1,1,1,0.883788459159714,1,1,1,0.161088239074113
0.281677824117095,1,1,1,1,1,1,1,1,1
1,1,1,1,1,1,1,1,1,0.194036054886698
1,1,1,1,1,0.565221192239686,1,1,1,1
0.504796356663358,0.471377221254136,1,1,1,1,1,1,1,1
0.563834558415157,1,1,0.0523124283827779,1,1,1,0.808556275691073,0.511180826104577,0.646053285179772
1,1,1,0.420894163551218,1,0.45236879260715,0.814916490758254,1,0.196500201606365,1
0.843020317114143,1,0.386237865459485,0.298873281250483,1,0.186381594808326,1,0.318348277771218,0.943593847205899,1
0.76919038693696,1,1,1,1,1,0.236724323733129,1,0.869299654388287,1
1,1,1,0.982132728102314,1,0.515105369119507,1,0.210489656147866,1,0.659696160870672
1,1,1,1,1,0.457881291097478,1,0.390832535580426,0.985627811339086,1
1,1,1,0.656610894235845,1,1,1,1,1,1
1,1,1,1,1,1,1,1,1,1
1,1,1,1,1,1,1,1,1,1
1,1,1,1,1,1,1,1,1,1
1,1,1,1,1,1,1,1,1,1
1,1,1,1,1,1,1,1,0.924428142914298,1
1,1,1,1,1,1,1,1,0.970658194201656,1
1,1,0.985496403722127,1,1,1,1,1,1,1
1,1,0.904495425788873,1,1,1,1,1,1,1
1,1,0.904495425788873,1,1,1,1,1,1,1
1,1,1,1,1,1,1,1,1,1
1,1,1,1,1,1,1,1,1,1
1,1,1,1,1,1,1,1,1,1
1,1,1,1,1,1,1,1,1,1
1,1,1,1,1,1,1,1,1,1
1,1,1,1,1,1,1,1,1,1
1,1,1,1,1,1,1,1,1,1
1,1,1,1,1,1,1,1,1,1
1,1,1,1,1,1,1,1,1,1
1,1,1,1,1,1,1,1,1,1
1,1,1,1,1,1,1,1,1,1
1,1,1,1,1,0.313169011755138,1,1,1,1
1,1,1,1,1,1,1,0.447114561664381,1,1
0.779177892842364,1,0.988891263356195,0.505859600399024,1,0.172211246696339,1,0.273564225552892,0.912461572575759,0.842402325776859
0.819285730867543,0.78812879970919,0.718437056025642,0.255305720952645,1,0.0386146599128569,0.720239493233269,0.18376750159525,0.888181818794041,0.651474329169849
0.87572697634181,0.839746574956431,1,1,0.216185888454162,0.685885131304846,1,1,1,0.500494976622683
1,0.824718778488825,1,1,1,1,0.641226124291291,1,1,1
1,0.892925580125343,1,1,1,0.708559738261434,1,1,0.11103687041857,0.703335837130528
1,1,1,1,0.678128681906287,1,1,1,1,1
1,1,1,1,1,1,1,1,1,0.438487803538985
1,1,1,1,0.663493158020683,1,1,1,1,1
0.0455518621198458,1,0.431809469350894,0.808539786957658,1,0.875640335788267,0.645675220759483,0.176532099723412,0.265829890030561,0.612726760678274
1,1,1,1,1,1,1,0.416765995022419,1,1
1,1,1,1,1,0.265510244919166,1,1,1,1
1,1,1,1,1,1,1,1,0.240833223629679,1
0.0344730410065404,0.316411878461486,0.536806725697421,0.876466706153167,0.647466942342375,0.806472290997965,0.529900376417555,0.25891324164015,0.694506318099041,0.637707889102704
0.275452976123385,1,1,1,1,1,1,1,0.308138169661337,1
0.176057979869207,0.350207328256426,0.105925285003868,0.22597482466833,1,1,0.488294596558568,0.320633608179457,0.278233222914015,0.991497855007016
1,1,1,1,1,1,1,1,0.25214371625375,1
0.0447277139154753,1,0.382929378655344,0.974097098388695,0.436315304484971,0.521605485453205,0.813747956227114,0.786791096431758,0.130673836900235,1
0.791645564270646,0.642619259887705,0.510124863124348,0.780174129990504,1,0.711729330003055,1,0.406374281701459,0.0822641886549203,0.747976357201668
1,1,0.118762406515724,0.57896539037205,0.743745464110978,1,1,0.788429064177174,1,0.558081871711454
0.904156878083117,0.66054563940147,0.939509992529481,0.120981910603382,0.964321025571335,0.761250632980489,0.256383441505411,0.719165347424374,0.570610335559863,0.895792668147942
1,1,1,0.251327463912979,1,1,1,1,0.323540759329825,1
1,1,1,1,1,0.29613361772051,1,1,1,1
0.799333220559185,0.47217180930567,1,0.207480515193495,1,0.330056007225663,1,1,0.0634040303326239,1
1,1,1,1,1,1,1,1,1,0.603717528256764
0.119087471073014,0.855929795412446,0.522077835689789,0.735662458325808,0.86905230682076,0.223397072267095,0.392671228680944,0.609350488501604,0.305489699427418,0.497477393460419
0.419703130536339,0.387909170634093,0.55926072717613,0.355757412058271,0.549794696852875,0.343505515107536,0.94870397327714,0.938721514580754,0.884790378946406,0.122289572278568
0.209772567189736,1,0.913348264579602,1,0.341077216160014,0.177591875301875,0.786308372972186,0.106975694987509,0.606953347989172,0.358800204906408
1,1,1,0.0799262434486606,1,0.307383363305009,0.517288709119146,0.172254497783739,0.125101496230193,1
1,0.426637090166363,1,0.0187441647138969,0.804049726935759,0.527710229897895,1,1,1,0.629443271257353
1,1,1,1,0.651827447300329,1,1,0.0966733153863189,1,1
0.473504384390028,0.679591673563416,0.305621819609542,0.0726130143651688,0.603810203588945,0.11686881094374,0.312102569982093,0.993838577673972,0.507764588922603,0.893696432317529
1,0.232763299252151,1,1,1,1,1,1,1,1
0.424270739913329,0.358899035807314,0.7131556597883,0.15864784096388,0.369325166877753,0.136455204010768,0.209919605420079,0.717093438938273,0.435293754089542,0.953785534621764
1,1,0.335191325698887,1,1,1,1,0.505703819535231,1,1
1,1,1,1,1,1,1,1,1,1
1,1,1,1,1,0.202445181364239,1,1,1,1
1,1,1,1,1,1,1,1,1,1
1,1,1,1,1,1,1,1,1,1
0.260225678541984,1,1,0.0735430380411217,1,1,0.406110682632501,1,1,1
0.930415651804955,1,0.469853017370833,0.0691373996187228,0.930172210334984,0.810050338387821,0.619522190795362,0.126028783999684,0.687390546835274,1
1,1,1,1,1,1,0.373707794361293,0.384479616554454,0.0299339781508477,1
0.14395342367167,0.866145160607299,0.418885070834383,0.975788471785958,0.81150914250194,0.539556880761018,0.485962468773887,0.101202887095818,1,0.232552913278084
1,1,1,1,0.765962382485913,1,1,1,1,1
0.130656820243931,1,0.682847608063705,0.936548737049048,0.0901305609138576,0.124721961179957,0.857401075917448,0.661080586670443,0.990509172606479,0.327060992895522
0.282801766900702,0.86713089167722,1,1,1,1,1,1,1,1
1,0.638076024821931,1,1,1,1,1,1,1,1
0.677156500313241,0.118487091651669,0.25880098121471,0.728702681028088,0.631096679544047,0.467579778509688,0.986543158152724,0.221244897034955,0.413600886341072,0.843794266947423
1,1,1,1,1,1,0.17670289684025,1,1,1
1,1,1,1,1,1,1,1,0.294025356895339,1
1,0.528359504409908,1,0.35261002654556,0.533923635103645,1,0.395472310315612,0.873735053567148,0.777696921591053,0.440536464567021
1,0.170123001941819,1,0.765930041014028,0.536680891658138,0.121438143678823,0.62020319850113,0.773164120374919,0.0566582232110134,0.93174081914249
1,0.0213340946858671,1,1,0.59815627801284,1,0.655860342228859,0.637691606066864,1,0.69402649016711
1,1,1,1,1,1,0.543895409390236,1,1,1
1,1,1,1,0.351879521906275,1,1,1,1,1
1,1,0.300415130507412,1,1,1,0.523574356516518,1,1,1
0.657822683311976,0.319781364111758,0.906909575305514,0.273492366282326,0.868021573220478,0.917320470240879,1,0.0397331413219064,0.0781564208820107,1
1,1,1,1,0.750615052587412,1,1,1,1,1
1,1,1,1,1,1,1,0.389002280055052,1,1
0.352660389481537,1,1,0.361005076291569,1,0.084688729890871,1,1,1,0.748594801379345
0.206317699184343,1,1,1,1,1,1,1,1,1
1,1,0.264645438399233,1,1,1,1,1,1,1
1,1,1,1,1,1,1,1,1,1
1,1,1,1,1,1,1,1,1,1
1,1,1,1,1,1,1,1,1,1
1,1,1,1,1,1,1,1,1,1
1,1,1,1,1,1,1,1,1,1
1,1,1,1,1,1,1,1,1,1
0.859517555674845,1,0.51926681350301,1,1,1,1,1,1,1
1,1,0.44503213494868,1,0.925006833712976,1,1,1,1,1
1,1,1,1,1,1,1,1,1,1
1,1,1,1,1,1,1,1,1,1
1,1,1,1,1,1,1,1,1,1
1,1,1,1,1,1,1,1,1,1
1,1,1,1,1,1,1,1,1,1
1,1,1,1,1,1,1,0.636389057271875,1,1
1,1,1,1,1,1,1,0.636389062140127,1,1
1,1,1,1,1,1,1,1,1,1
1,1,1,1,1,1,1,1,1,1
1,1,1,1,1,1,1,1,1,1
1,1,1,1,1,1,1,1,1,1
1,1,1,1,1,1,1,1,1,1
1,1,1,1,1,1,1,1,1,1
1,1,1,1,1,1,1,1,1,1
1,1,1,1,1,1,1,1,1,1
1,1,1,1,1,1,1,1,1,1
1,1,1,1,1,1,1,1,1,1
1,1,1,1,1,1,1,1,1,1
1,1,1,1,1,1,1,1,1,1
1,1,1,1,1,1,1,1,1,1
1,1,1,1,1,1,1,1,1,1
1,1,1,1,1,1,1,1,0.78027275449172,1
1,1,1,1,1,1,1,1,0.945662791266545,1
1,1,1,1,1,1,1,1,1,1
1,1,1,1,1,1,1,1,1,1
1,1,1,1,1,0.965738362097066,1,0.709235039350279,1,1
1,1,1,1,1,1,1,1,1,0.544938322431538
1,1,1,0.997994101741805,1,0.575680831546264,1,0.722819351897279,1,1
1,1,1,1,1,0.428788810529828,1,0.88060875820363,1,0.94656581500813
1,1,1,1,1,1,1,1,1,0.93796670039849
1,1,1,1,1,0.694040994309711,1,1,1,0.74488618640593
1,1,1,1,1,1,1,1,1,0.629614290287142
1,1,1,0.931090020451543,1,1,1,1,1,1
1,1,1,1,1,1,1,1,1,1
1,1,1,1,1,0.439023109964336,0.999976825963384,1,1,1
1,1,0.785381260533371,1,1,0.551437011121922,0.925302258778525,1,1,1
1,1,0.39221734506207,1,1,1,1,1,1,1
1,1,0.904495425788873,1,1,1,1,1,1,1
1,1,1,1,1,1,1,1,1,1
1,1,1,1,1,1,1,1,1,1
0.143914800965843,0.448971850360893,0.627021699295672,0.951498968027511,1,1,0.995916414208009,1,0.689007029268486,1
0.143914794272041,0.448971839713454,0.627021699295654,0.951498949476885,1,1,0.995916440563241,1,0.689007028253166,1
1,1,0.331796644118163,1,1,1,1,1,1,1
1,1,1,1,0.890266431984906,1,1,1,1,1
1,1,1,1,0.950959410096044,0.495938467596104,1,1,1,1
1,1,1,1,1,0.0718714958603267,0.813187482035088,1,1,1
1,0.367503533170961,0.832477826210185,0.345205662653788,1,1,1,1,0.466666084945912,0.514250614412564
1,1,1,1,1,1,1,1,1,0.43031371723017
0.536338283163803,0.228328685278774,1,1,1,1,1,1,0.121229168041106,1
0.49099047150782,0.231913445382314,0.730998266951214,0.49383289549364,0.505618571483451,0.346402443168501,0.660582610314674,0.167649343372619,0.183695144752178,0.883067733006832
1,0.288076170709882,1,1,0.38962015654723,0.0431954844200553,1,1,1,1
1,1,1,1,1,1,1,0.362883144672467,1,1
0.379280059644445,0.768604618701135,0.540366866048272,0.924138505710763,0.768179712049529,0.103089562195524,1,1,0.355536731498206,1
0.142696686349781,0.149168945659662,0.89565359272987,0.334706680770751,0.329182402309247,0.229659984907341,0.716765352028746,0.637657087080082,0.279807820780786,0.971220313970655
1,1,1,0.284680197872177,1,1,1,1,1,1
0.999897613162902,0.29567807368216,0.483428059517788,0.90586675834946,1,0.193299652235648,0.618909340303415,0.685851146102858,0.568864745406145,1
1,1,1,1,1,1,1,1,1,0.420376780530587
1,1,1,1,1,1,1,1,0.279324309666673,1
1,1,0.3150002793802,1,1,1,1,1,1,1
0.223746951674788,1,1,1,1,1,1,1,1,1
0.947366544192285,1,0.280220781496611,1,1,0.544316459037482,0.124501488751395,1,1,0.0789467511471892
0.789861718301572,0.396488763876071,0.408304887586143,0.716343063253871,1,0.249405096615393,0.124250060675802,1,0.318435728440736,0.602505560506364
1,1,1,1,1,1,0.440063113142279,1,1,1
1,1,1,1,1,1,1,1,1,1
1,0.913799790808841,0.926260156943018,0.659466927372146,0.162390990650361,0.185539834750411,0.714185534725717,1,0.180459897318144,1
1,0.895521719082517,0.911658768651155,0.865636361290351,0.533790915977356,0.196136909164336,1,1,0.822942305770925,1
1,1,1,1,0.546763870067703,0.5870991528706,1,1,0.299777646100564,1
1,1,1,1,1,1,1,1,1,1
0.0814996886561925,0.157144758459256,0.562273724701575,0.940962709809932,0.250554165840491,0.612455863936814,0.423879624513901,0.46814386740486,0.437575655767621,1
1,0.882993189205748,1,1,1,1,1,1,1,1
1,1,1,1,0.553323384151112,1,1,1,1,1
1,1,1,1,1,1,1,1,1,1
1,1,1,1,1,1,1,1,1,1
1,1,1,1,1,1,1,1,1,1
1,1,1,1,1,1,1,1,1,1
1,1,1,1,1,1,1,1,1,1
0.884517919014985,0.0384094310911396,0.643292405719475,1,0.843061659447784,0.253732829225535,1,1,0.275673252418675,0.878017161872327
1,1,1,1,1,1,1,1,0.259916027858978,1
1,1,1,1,1,1,1,1,1,0.386118730181332
1,1,1,1,1,1,1,1,1,1
1,1,1,1,1,1,1,1,1,1
1,1,1,1,0.408853439510406,1,1,1,1,1
1,1,1,1,1,1,1,0.888437963048922,1,1
0.836000311210005,1,0.594523625342927,1,0.428459310764235,1,0.778027627205387,0.0791474154711079,0.29287785805295,1
1,1,1,1,1,1,1,0.324840264206286,0.826102137505482,1
1,1,1,1,1,0.448912381412311,1,1,1,1
1,1,1,0.182212269243753,1,1,1,1,1,1
0.764032021893466,1,0.766163023048752,0.0881110828517491,1,1,0.987673149695191,0.36191122428631,0.191302764398154,1
0.31086396213907,1,1,1,1,1,1,1,1,1
0.808060621496108,0.857187081259741,1,0.715106005488983,0.236612016606417,0.669145956807741,1,0.0946120164639195,0.730705156571542,1
0.380935581943118,0.403026930775913,1,1,1,1,1,0.391407405713016,0.927804836916731,1
1,1,1,0.31765725619271,1,1,1,1,1,1
0.931130730859481,0.979461170963986,0.355083297635577,0.400813864003847,1,1,0.871196284976385,0.0946041546742694,0.404459946296658,1
1,1,1,1,1,1,0.735551586126323,1,1,1
1,1,1,1,1,1,1,1,1,1
1,1,1,1,1,1,1,1,1,1
1,1,1,1,1,1,1,1,1,1
1,1,1,1,1,1,1,1,1,1
1,1,1,1,1,1,1,1,1,1
1,1,1,1,1,1,1,1,1,1
1,1,1,1,1,1,1,1,1,1
1,1,0.949785358624392,1,1,1,1,1,0.889899108336763,1
1,1,1,1,1,1,1,1,0.927715505438751,1
1,1,1,1,1,1,1,1,1,1
1,1,1,1,1,1,1,1,1,1
1,1,1,0.84974172250175,1,1,1,0.899313410255406,1,1
1,1,1,0.849741722170857,1,1,1,0.899313410748037,1,1
1,1,1,1,1,1,1,1,1,1
1,1,1,1,1,1,1,1,1,1
1,1,1,1,1,1,1,1,1,1
1,1,1,1,1,1,1,1,1,1
1,0.405147241070214,1,0.269617556569243,1,0.195165169108957,1,1,1,1
1,1,1,0.143439234817529,1,1,1,1,1,1
1,1,1,1,1,1,1,1,0.36169392197297,1
1,1,1,1,1,1,1,1,1,1
1,1,1,1,1,1,1,1,1,1
1,0.229205826066517,0.416430826621881,0.77569440009039,0.692033643571128,0.444401402849047,0.736850848879255,0.893976615796541,0.0459943801948341,0.258652918579601
0.274696502001422,1,0.487390693571003,1,1,1,1,0.633750536535663,1,1
1,1,1,1,0.527899020853555,1,1,1,1,1
0.579537224751864,0.315941733487102,0.623559558862077,0.534031915525961,0.728138814181704,0.353116050805809,0.894126829942965,0.831976089349862,0.0386293000916966,0.340000869198341
0.986344640592317,0.125434904082976,0.689381435209763,0.411731050263978,0.171756670032666,0.711549371733528,0.92311556535423,0.685615195736797,0.222473243584502,1
1,1,1,1,0.608060402082947,1,1,1,1,1
1,1,1,0.698906654069265,1,1,1,1,1,1
0.602023505596246,0.952192830639177,0.679963972069742,1,0.973201359630193,1,1,0.712121068666998,0.531514186880659,0.794786226182086
1,1,1,1,1,1,0.435658164740738,0.330433344394777,1,1
1,1,1,1,1,1,1,1,0.104656847793927,1
1,1,1,0.251251215427369,1,1,1,1,1,1
1,1,1,1,1,1,0.162575684385842,1,0.0389444054879042,0.390447369074369
0.161282550472982,0.964128820819093,0.439787883050948,0.951639928208659,1,1,0.174462504071911,0.51241435026576,0.685190710890072,0.649410093659314
1,1,1,0.386471921523926,1,0.990296135532556,1,1,1,0.846543771759617
1,1,1,1,1,1,0.41944255271348,1,1,0.32280107512619
1,1,1,1,1,1,1,1,1,1
1,1,1,1,1,1,1,1,0.980836558925892,1
1,0.964975732909077,1,1,1,1,1,1,1,1
0.878506546902839,1,0.850884798906913,1,1,1,1,1,1,1
1,1,1,1,1,1,1,1,1,1
1,1,1,1,1,1,1,1,1,1
1,1,1,1,0.998210994608588,1,0.889276609059461,0.382092218493465,0.735508906195195,1
0.794653675170537,1,0.646528459408603,0.515131348141568,1,1,1,1,0.51799999055298,1
1,1,1,1,1,0.87916145494562,1,1,0.386357549366428,0.471622170209315
1,1,1,0.60841262903865,0.909026139260453,0.260752070194533,1,1,1,1
1,1,1,1,1,1,1,1,1,1
1,1,1,0.451360965713005,1,1,1,1,0.37714612666132,1
1,1,1,0.445694805572993,1,1,1,1,0.422468308989906,1
1,1,1,0.486798278732454,1,1,1,0.938498550133355,0.557195705274296,1
1,1,1,0.424139069787684,1,1,1,1,1,1
1,1,1,0.350982559789169,1,1,1,1,1,1
1,1,1,0.328971265359619,1,1,1,1,1,1
1,1,1,1,1,1,1,1,1,1
1,1,1,1,1,1,1,1,1,1
1,1,1,1,1,1,1,1,1,1
1,1,1,1,1,1,1,1,1,0.645175514203947
1,1,1,1,1,1,1,1,1,1
0.173453804415662,1,1,1,1,1,1,1,1,1
0.224728126017647,1,1,1,0.999662464349026,1,1,1,1,1
0.492503877764244,1,1,1,0.701650486949677,1,1,1,1,0.891613862891322
1,1,1,1,1,1,1,1,1,1
0.124546872816235,1,1,1,1,1,1,1,0.375320147618233,0.163160691388928
1,0.697151528433234,0.390180691606836,1,0.841140866451586,0.496153506137529,0.82940457417914,0.585818356857757,1,0.0453451330779998
1,0.721294397707548,0.87796086819504,1,1,0.565042398154964,0.72969762080933,0.788360255403395,1,0.0553767402102749
1,1,1,1,0.788739834207149,1,1,1,1,1
1,1,0.286460707321195,1,1,1,1,1,1,0.589668460307085
1,1,1,0.936674247984268,1,1,1,0.96710438857893,0.493375881067268,0.54424108978166
1,1,1,0.936674249055249,1,1,1,0.967104388370062,0.493375885714127,0.544241097655759
1,1,1,1,0.737353391899679,1,1,1,1,1
1,1,1,1,0.737353391896095,1,1,1,1,1
0.287016896799099,0.978682115963281,1,1,1,1,1,1,1,1
1,1,1,1,1,1,1,1,1,1
0.395202897835693,1,1,1,0.561878102785403,1,1,1,1,1
0.39520289791302,1,1,1,0.561878103013965,1,1,1,1,1
1,1,1,1,1,1,1,1,1,0.645175510737126
1,1,1,1,1,1,1,1,1,1
1,1,1,1,1,1,1,1,1,1
1,1,0.563865501808492,1,1,1,1,1,1,1
1,1,0.563865489570343,1,1,1,1,1,1,1
0.26458708894176,1,1,0.236189341565124,0.780615401114705,1,1,0.854902434528367,0.416193702311751,0.380419175281514
0.0640326045215624,1,0.701296779787555,1,1,0.581708036833891,1,1,0.277977346487149,1
1,1,1,1,1,1,1,1,0.340033620145366,1
1,0.559019203364531,1,1,1,1,1,0.193163821972783,0.570545198054441,1
0.234469632037936,1,1,1,1,1,1,1,1,1
0.234469627972934,1,1,1,1,1,1,1,1,1
1,1,1,1,0.397845312867033,0.555337721897466,0.286125399990584,0.547483867609857,0.375349596250362,0.824305364607859
1,1,1,1,1,1,1,1,0.272154838052568,1
0.34700880176449,0.511707573215616,0.875540690184044,0.951392740017151,1,0.874816343093518,0.350462934041747,0.284264848197555,1,1
0.265692154957034,1,1,0.232752884905008,0.829812983070391,1,1,1,1,1
0.86688647753616,0.6328593393646,1,0.953434876324568,1,1,1,0.46060574284513,1,1
1,0.70147374232033,1,0.124513443072861,0.762234453142884,0.741445497625586,0.215687236768833,0.174181369555717,0.661795385724921,0.384594803407902
1,1,1,1,1,1,1,1,1,1
1,1,1,1,1,1,1,1,1,1
1,1,1,1,1,1,1,1,1,1
1,1,1,1,1,0.0580944867855983,1,1,0.303786133851031,1
1,1,1,1,0.539697627023198,1,1,1,1,1
1,0.603810041493438,0.819469951188537,0.400485075220172,0.690507615069569,1,0.681806414319522,0.447052985802908,0.411496197491712,0.808386760023744
1,1,1,0.387324936237966,1,1,1,1,1,1
0.355659688084088,0.206238857123445,0.977904232591934,0.345667603192451,0.292995286070901,1,0.391785186161275,0.189941516399003,1,0.386236927079991
1,1,1,1,1,1,0.481193958710058,1,1,1
1,1,0.247185542041476,1,1,1,1,1,1,1
0.65135352451777,1,0.881114840988529,0.206077043625023,1,0.156904102645733,0.648763961962259,0.910592840841573,0.101909383202946,0.793101154661522
0.963339975853809,1,1,0.167358915432911,0.9552142995012,1,0.386410857765635,1,0.872499354371808,1
0.20384180789331,1,1,1,1,1,1,1,1,1
1,1,1,1,1,1,1,0.394813561496283,1,1
1,1,1,1,1,1,1,1,0.269012933518374,1
0.269667348102896,0.172023127167048,0.860672252129493,0.752960780211111,0.304276834773396,0.290024663374444,0.207290593186143,0.834999002433447,1,0.92374034579776
1,0.535298452569609,0.74424300078804,0.108265559657446,1,0.373568422829149,0.937163012622501,0.807013817155561,1,0.746460086318035
0.630117891603805,0.329192477768731,0.420480716124177,0.642070983994879,0.607717131813858,0.729987888452508,0.903494502926994,0.0191967858205966,0.600885812128747,0.327789493039965
0.228870053385627,0.119531978686994,0.592436524865767,0.881851075094464,0.505181184574738,0.762829483455206,0.678322333807426,0.0510888075171562,0.605895468421173,0.698744427975915
0.0723834129873163,1,1,0.836643361489857,1,0.415002674384455,0.955222441633108,1,1,1
1,0.157381467271407,0.460018516800859,0.412691137572773,0.0621229501675753,1,1,1,1,1
1,1,1,1,1,1,1,0.453155637164263,1,1
1,1,1,1,1,1,0.366455344086238,1,1,1
0.954952390604851,0.336531953492246,0.946485644408251,0.750197518645185,0.257939752849205,0.436993765974478,0.602016908814179,0.0507752899308201,0.964657652970728,0.459155452338076
1,1,1,1,1,1,1,1,0.252393423536179,1
1,1,1,1,1,1,1,1,1,0.419700613182831
0.757380394716034,0.332376755917856,0.515856567883083,0.268589012475788,0.0313954888860725,0.791153502470894,0.212224865209112,0.692418733506529,0.60362124972135,0.859035622363304
1,0.178885575634217,0.134992673271113,0.959872856675259,0.871247627742203,0.0546818120426692,0.508198245218159,1,1,1
1,1,1,0.503958667095599,1,0.386051002969747,1,1,0.392485186371055,1
1,1,1,1,1,1,0.286168124514283,1,1,1
0.980948476128806,0.247700543841879,0.421768833924131,0.456252381561763,0.843586768513751,0.957394236453555,0.972606552224942,0.852612918948281,0.685575078408004,0.51394360744055
1,1,1,1,1,1,0.468796630919951,1,1,1
1,1,1,1,1,1,0.0552835781306994,0.200653979095886,1,1
0.481759590861033,1,0.870713765824866,0.657545343041081,1,1,1,0.441268624201359,1,1
0.414674247073051,0.64354524247526,0.979130496487385,0.155319014384269,0.354447089850651,0.419099206961249,0.940017520699424,0.0688653112690846,0.590401534741146,0.298590458701181
0.21576121906975,1,1,1,1,1,1,0.34025734532452,1,1
1,1,1,1,1,1,1,0.423799699955757,1,1
1,1,1,1,0.762631296888648,1,1,1,1,1
1,0.709208656458954,0.21678902352963,1,1,0.767858389197183,1,1,1,1
1,1,1,1,1,1,1,1,0.261801560024408,1
1,1,1,1,1,0.561145728335441,1,0.0878121456702721,1,1
0.194071598661994,0.602840155514804,0.478320078945711,0.862057376393481,0.75865606856388,0.240783625200336,0.229262518654443,0.362128233460127,0.411597095064983,0.241788006176001
0.705861701674904,0.401053277508856,1,1,1,1,0.396005590158751,0.0578084867008944,1,1
1,1,1,1,1,1,0.558720910134357,1,1,1
1,1,1,1,1,1,1,1,0.327019222131256,1
1,0.658245729582875,1,1,1,0.546101160828267,1,1,1,1
1,1,1,0.272758885339941,1,1,1,1,1,1
0.927262781568305,0.337211387969109,0.30400151024649,0.0921566369197208,0.945168213327439,0.395243320854669,0.728155236203174,0.190449344323469,0.430528257148576,0.644519601866336
1,1,0.563471171057537,0.575147798029061,1,1,0.0684709448991693,0.373944730488322,1,1
0.73170953422404,0.718835434177554,0.35943857728922,1,1,0.0701175160804314,0.272673447201576,1,1,1
0.329070207677295,0.480397974525182,0.58116198998301,0.115540838806011,0.249354937317548,0.933361053407062,0.146406554896129,0.877764471362803,0.770249742959036,0.535107748074616
0.130883364431141,1,0.616791390182615,1,1,1,0.992071180992947,0.17442625295578,0.683717946634868,1
1,1,1,1,0.325803937035937,1,1,1,1,1
1,1,1,1,1,1,0.462097890261797,1,1,1
0.908736678529732,0.672177616167917,0.481572819105556,0.785040434983846,0.723948146478574,0.198755540058803,0.218308698388962,0.870097892395414,0.994175166872667,0.641540718643623
1,1,1,0.288149796598883,1,1,1,1,1,1
0.533306196252324,0.94833691431596,1,0.7281272113617,0.928119484044945,0.578183569138357,0.474292508298876,0.580975724190682,0.832372698718175,0.841715347331548
1,1,1,0.37617050533609,1,1,1,1,1,1
1,1,1,1,1,1,0.358851902596101,1,1,1
0.777575140577541,1,0.532592862447319,0.386440663659855,0.7864864030939,0.770367701386957,1,0.860264502203374,0.568572359448089,1
1,1,1,1,1,1,1,1,0.0382106636152512,1
0.696564287004214,0.88645951487799,0.643881448620499,0.0520338139517604,0.66817085356466,0.336377495158759,0.313203237487641,0.819615223330624,0.865496442895334,0.626609482105395
1,1,1,0.761254394173853,1,1,0.171808295732018,1,0.353994412554489,1
0.670687864890794,0.0697533427988598,0.597351971683447,0.356112987751087,0.0941793524629713,0.76340475264186,0.241143959128892,0.748444671870145,0.52774434927603,1
1,1,1,1,1,0.25452327085891,1,1,1,1
1,1,1,1,1,1,1,0.459880071091657,1,1
1,0.19094520676404,0.394198566399674,0.866978908722018,0.707687064194132,0.440524507014345,0.651420787122862,0.169783114685289,0.178861144499412,0.6920722985984
1,1,1,1,1,1,1,1,1,1
1,1,1,1,1,1,1,1,1,1
1,1,1,1,1,1,1,1,1,1
1,1,1,1,1,1,1,1,1,1
1,1,1,1,0.216004280216559,1,1,0.732240852294784,1,1
1,1,1,1,1,1,1,0.74517800762412,1,1
1,1,1,1,0.334865124296488,1,1,1,1,1
1,1,1,1,1,1,1,1,1,1
1,1,1,1,1,1,1,1,1,1
1,1,1,1,1,1,1,1,1,1
1,1,1,1,1,1,1,1,1,1
1,1,1,1,1,1,1,1,1,1
1,1,1,1,1,1,1,1,1,1
1,1,1,1,1,1,1,1,1,1
1,1,1,1,1,1,1,1,1,1
1,1,1,1,1,1,1,1,1,1
1,1,1,1,1,1,1,1,1,1
1,1,1,1,1,1,1,1,1,1
1,1,1,1,1,1,1,1,0.859294776295463,1
1,1,1,1,1,1,1,0.612239375120339,1,1
1,1,1,1,1,1,1,1,0.658145220084203,1
1,1,1,1,1,1,1,1,1,1
1,1,1,1,1,1,1,1,1,1
1,1,1,1,1,1,1,1,1,1
1,1,1,1,1,1,1,1,1,1
1,1,1,1,1,1,1,1,1,1
1,1,1,1,1,1,1,1,1,1
1,1,1,1,1,1,1,1,1,1
1,1,1,1,1,1,1,1,1,1
1,1,1,1,1,1,1,1,1,1
1,1,1,1,1,1,1,1,1,1
1,1,1,1,1,1,1,1,1,1
1,1,1,1,1,1,1,1,1,1
1,1,1,1,1,1,1,1,1,1
1,1,1,1,1,1,1,1,1,1
1,1,1,1,1,1,1,1,1,1
1,1,1,1,1,1,1,1,1,1
1,1,1,1,1,1,1,1,1,1
1,1,1,1,1,1,1,1,1,1
1,1,1,1,1,1,1,1,1,1
1,1,1,1,1,1,1,1,1,1
1,1,1,1,1,1,1,1,1,1
1,1,1,1,1,1,1,1,1,1
1,1,1,1,1,1,1,1,1,1
1,1,1,1,1,1,1,1,1,1
1,1,1,1,1,1,1,1,1,1
1,1,1,1,1,1,1,1,1,1
1,1,1,1,1,1,1,1,1,1
1,1,1,1,1,1,1,1,1,1
1,1,1,1,1,1,1,1,1,1
1,1,1,1,1,1,1,1,1,1
1,1,1,1,1,1,1,1,1,1
1,1,1,1,1,1,1,1,1,1
1,1,1,1,1,1,1,1,1,1
1,1,1,1,1,1,1,1,1,1
1,1,1,1,1,1,1,1,0.528625523997575,1
1,1,1,1,1,1,1,1,0.528625523997574,1
1,1,1,1,1,1,1,1,1,1
1,1,1,1,1,1,1,1,1,1
1,1,1,1,1,1,1,1,1,1
1,1,1,1,1,1,1,1,1,1
1,1,1,1,1,1,1,1,1,1
1,1,1,1,1,1,1,1,1,1
1,1,1,1,1,1,1,0.710724464729441,1,1
1,1,1,1,1,1,1,1,1,0.378397821561341
1,1,1,1,1,1,1,1,1,0.729523099536581
1,1,1,1,1,1,1,1,1,1
1,1,1,1,1,1,1,0.746067044020903,1,1
1,1,1,1,1,1,1,1,1,1
1,1,1,1,1,1,1,0.825891455748312,1,1
1,1,1,1,1,1,1,1,1,0.71799629313866
1,1,1,1,1,1,1,1,0.61868863496188,1
1,1,1,1,1,0.601650961992001,1,1,1,1
1,1,1,1,1,0.564299547222296,1,1,1,1
1,1,1,1,1,1,1,1,1,0.832255310990221
1,1,1,1,1,0.971645601800015,1,1,1,0.797250246442137
1,1,1,1,1,1,1,1,1,1
1,1,1,1,1,1,1,0.781632358462314,1,1
1,1,1,1,1,1,1,1,1,1
1,1,1,1,1,1,1,1,1,1
1,1,1,1,1,1,1,1,1,1
1,1,1,1,1,1,1,1,1,1
1,1,1,1,1,1,1,1,1,1
1,1,1,1,1,1,1,1,1,0.639337437793889
1,0.938785828236543,1,1,1,1,1,1,1,0.453395085039275
1,1,1,1,1,0.936343395136941,1,1,1,0.851926008510104
1,1,1,1,1,1,1,1,1,0.706968905174108
1,1,1,1,1,0.967765048602309,1,0.823634754906397,1,0.288080296239665
1,1,1,1,1,1,1,0.985815621696968,1,0.658254922236871
1,1,1,1,1,1,1,1,1,1
1,1,1,1,0.755267550308962,1,1,1,1,1
1,1,1,0.916704502163854,0.779631393971704,1,1,1,1,1
1,1,1,1,1,1,1,0.924232662584329,1,1
1,1,1,1,1,1,1,0.924232660739492,1,1
1,1,1,1,1,1,1,1,1,1
1,1,1,1,1,1,1,1,1,1
1,1,1,1,1,1,1,1,1,1
1,1,1,1,1,1,1,1,1,1
1,1,1,1,1,1,1,1,1,1
1,1,1,1,1,1,1,1,1,1
1,1,1,1,1,1,1,1,1,1
1,1,1,1,1,1,1,1,1,1
1,1,1,1,1,1,1,1,1,1
1,1,1,1,1,1,1,1,1,1
1,1,1,1,1,1,1,1,1,1
1,1,1,1,1,1,1,1,1,1
1,1,1,1,1,1,1,1,1,1
1,1,1,1,1,1,1,1,1,1
1,1,1,1,1,1,1,1,1,1
1,1,1,1,1,1,1,1,1,1
1,1,1,1,1,1,1,1,1,1
1,1,1,1,1,1,1,1,1,1
1,1,1,1,1,1,1,1,1,1
1,1,1,1,1,1,1,1,1,1
1,1,1,1,1,1,1,1,1,1
1,1,1,1,1,1,1,1,1,1
1,1,1,1,1,1,1,1,1,1
1,1,1,1,1,1,1,1,1,1
1,1,1,1,1,1,1,1,1,1
1,1,1,1,1,1,1,1,1,1
1,1,1,1,1,1,1,1,1,1
1,1,1,1,1,1,1,1,1,1
1,1,1,1,1,1,1,1,1,1
1,1,1,1,1,1,1,1,1,1
1,1,1,1,1,1,1,1,1,1
1,1,1,1,1,1,1,1,1,1
1,1,1,1,1,1,1,1,1,1
1,1,1,1,1,1,1,1,1,1
1,1,1,1,1,1,1,1,1,1
0.306412129588836,1,0.542366419652064,1,1,1,1,1,1,1
1,0.359650142360542,1,0.623794175963527,0.971171242703709,1,1,0.91473967772651,0.945298390640164,0.758126315460586
1,1,1,1,1,1,0.350809236600106,1,0.542423449128117,1
1,1,0.741993283590243,0.400293002108881,1,1,1,0.871892191143208,1,0.567624228376418
1,1,1,1,1,1,1,1,0.883484062335302,1
1,1,1,1,1,0.699371053591964,1,1,1,1
1,1,1,0.726040656591019,1,0.695442602704117,0.555003174228978,1,1,1
1,1,0.418599263975693,0.125170669488118,1,1,1,1,1,1
0.569883937749145,1,1,1,1,1,0.854530087837915,1,1,1
1,1,1,0.982940959089613,1,1,1,1,1,1
0.919309385472318,1,1,1,1,1,0.626977021336623,1,1,1
1,1,1,1,1,1,1,1,1,1
1,1,0.577027094411524,1,1,0.655956419844951,0.554246635431302,0.498508758479752,1,1
0.861311908834933,1,0.614591641609868,1,0.538051857157666,0.57613175903082,0.833009119497941,0.589104044801338,0.969939380238517,1
1,1,1,1,1,1,0.410602961958192,1,1,1
1,1,0.793536695695669,1,0.952765568739136,0.498674538631589,0.725821830409167,1,1,1
1,1,1,1,1,1,1,1,1,1
0.26383868390949,0.456373590173156,0.539232484563245,0.48147030626874,0.544434527925509,0.0339352066304265,0.709594249919307,0.940691774342551,0.387792082343819,0.950103515621163
0.256185465646431,1,0.170364536471148,0.682339296045647,1,0.0960512381286431,1,1,0.730641797719592,0.0981300884742443
1,0.675341673407308,0.708855497678434,1,0.191531020329024,1,0.174063107783375,0.105992391403187,1,1
0.427158827100224,0.789005588780358,0.699796055358468,0.719186580164902,0.790030102564919,0.0690881551650037,0.983424639974073,0.647891171416271,0.0400526811020732,0.49483033785836
1,1,1,1,0.778460614469695,0.829971574829031,1,1,1,1
0.472700730543752,1,0.782407270020611,0.698141169078928,1,0.0590450223976508,0.981945586267371,0.410344543447893,0.102495698811438,0.214863697413176
1,0.264104485471919,1,0.464673952399564,1,0.256912956589168,1,1,0.295235344975315,1
0.277846731602263,0.268857480631263,0.312496733800911,0.88160009772826,0.281529070722638,0.511322400670269,0.840394770541628,0.565637507639746,0.326557653110734,0.269044936512867
1,1,1,1,1,1,0.461182585415488,1,1,1
1,1,0.305301256848912,1,1,1,1,1,1,1
0.627022364652128,0.107292302692505,0.605029793878561,0.382330816062156,0.375051899156441,0.241459060688146,0.824437528982412,0.396441153802786,0.309090489982161,0.489331091823592
1,1,1,1,1,1,0.906117526084886,1,1,1
0.275948100534969,0.294529997540697,1,0.343482087085182,0.0685810890343295,0.593543450882841,0.315466581196551,0.98145551058464,1,1
1,1,0.428384981456089,1,1,1,1,1,0.336607075668401,1
1,1,1,1,1,1,0.458137769644456,1,1,1
1,0.998675818729035,0.831288693970384,0.974630215896149,0.784691931737918,0.962160114530232,0.367129582606374,1,0.769220221497923,0.880386740728606
1,0.911714417291522,0.743613273068434,0.527717616321606,1,1,0.171184721249561,1,0.406046757232371,1
1,1,1,1,0.648678602609977,1,1,1,1,1
1,1,1,0.344675166901195,1,1,1,1,1,1
0.903035539474919,0.96276923152631,1,0.634127843439895,1,0.119367778562333,0.703088323909035,0.410881298885233,0.0182082340941133,0.776567015211401
1,1,0.412259320231982,0.631476246559772,1,1,0.192742004522984,1,1,1
1,1,1,1,1,1,0.0912008178901138,0.306730629315665,0.0687848172360115,1
1,1,0.90687399869703,0.43342994399832,1,0.0497486357158772,0.920320692753917,0.619917837554149,0.38862341148925,1
0.74640090472304,1,0.84256698914867,1,0.702280061415399,0.889228578582955,0.0303047721325784,0.342109274677161,0.943981685759337,1
1,1,1,1,0.975234046683639,1,1,1,0.696793686606044,1
0.537565184256501,0.796914686559062,0.993664394093787,0.303201872962674,0.779594640488783,0.154101250076864,0.713212662619746,0.438118723819213,0.586937704628405,0.500751109267566
1,1,1,1,0.743491006154274,1,1,1,1,1
1,1,0.389044408246842,1,1,0.464801824359516,1,1,1,1
0.949613176369463,0.59098394818939,0.98164994385241,0.548533557081805,0.713478734240332,0.182697364979782,0.0589058702654918,0.988847048553374,0.259531743803182,0.397039659777741
0.340116534352149,1,1,1,1,1,1,1,0.339114641321016,1
0.832013180549566,0.183236352434033,0.47159931006127,0.535638798497428,1,0.102950521844884,0.621874523001091,0.326584418463356,0.657549441975027,1
1,1,0.40681238683828,1,1,1,1,1,1,1
0.73979679278242,1,1,1,0.745619768505418,0.567180503350337,0.142692420360139,0.599578220878637,0.608347192317766,1
1,1,1,1,1,1,1,1,1,1
1,1,1,1,1,1,0.441891301428408,1,1,1
0.24466560180452,1,0.338344599794315,1,1,1,1,1,1,1
0.177857788954274,1,1,0.292984161764788,1,1,0.823544533197399,1,1,1
0.128154492719777,0.947523988451321,0.120280460854196,1,0.973221874033597,1,0.934127147526476,1,1,1
0.234339495657313,0.16628023203744,0.752491685065886,1,0.146809869727751,1,1,1,1,1
1,1,1,1,1,1,0.314478875107415,1,1,1
0.272438539632106,0.329191142365986,0.619347629689366,0.73016033888369,1,1,0.460262206442907,1,1,1
0.228780803354215,0.296810086428305,0.788852364743452,0.964714802178801,0.75600331004608,0.658856145813421,0.92728061817374,0.193645026614438,0.969146765414224,0.0698220781681903
0.761336084019834,0.401925279113841,1,1,1,1,1,1,1,1
1,1,1,1,1,1,1,0.298975159146964,1,1
1,0.415854092624962,1,1,1,1,1,1,0.181568850745555,1
1,1,0.666716354894484,1,1,1,1,1,1,1
1,1,0.400484991158953,1,0.856181115815476,0.435232144858425,1,1,1,1
0.926671277527025,0.443250045464704,0.760556184307785,0.404260335582733,0.60118120691792,0.488449944404265,1,0.605493294883363,0.247480825945797,0.586434908266247
1,1,1,1,1,1,1,1,0.205420985113076,1
1,1,0.43468965668516,1,1,1,1,1,1,1
1,1,0.620573240266141,1,1,1,1,1,1,1
1,1,1,0.417137281637035,1,1,1,1,0.40817845263117,1
0.998721138006414,0.434131660116058,0.307616695404883,0.17729900166132,0.827958148172297,0.417551497556681,0.861402438860386,0.119871167479486,0.409489413730983,0.526047190763252
1,1,1,1,0.864631785979014,0.216057797285466,1,1,1,1
0.67695983692278,1,1,1,1,1,0.117649334989126,1,1,1
0.434798276162303,1,1,1,1,1,1,1,1,1
0.665570647107814,0.954397110986535,0.856158811186952,1,1,1,0.190927605721825,1,0.190115442769283,0.362751242985335
1,1,0.442599254058179,1,1,1,1,1,1,1
0.470688522651512,0.992524401942032,0.543119026477065,0.668560316380782,0.804590147558783,0.112831863053255,0.181290739038356,0.215065815075965,0.513426608809022,1
1,1,0.442599254058179,1,1,1,1,1,1,1
1,1,1,1,1,1,1,1,1,1
1,1,1,1,1,1,1,1,1,1
1,1,1,1,1,1,1,1,1,1
1,1,1,1,1,1,1,1,1,1
0.959938178095481,0.995537653847068,1,0.755634998792912,0.851978808880337,0.832440574746107,1,0.993233333992387,0.390893590967739,1
1,1,0.434071247053795,1,1,0.125601562653743,0.96354355084127,1,0.295740972501181,1
1,1,1,1,1,0.294248456088323,1,1,1,1
1,1,1,0.126276656098615,1,1,1,1,1,1
0.94521706684813,0.855377721139205,0.619615502812279,0.991249924069289,1,1,1,0.847240130555762,1,0.901663273976141
1,1,0.451457058049856,1,1,1,1,1,1,1
0.266298637852651,0.806717562644384,0.983463988726367,0.247882064289767,0.674533096949911,0.407027897757534,0.146102167979856,0.919380272037838,1,0.693663922122059
1,1,1,0.0550925986035903,1,1,1,1,1,1
0.926426420185017,1,1,0.204741263538119,1,0.809736553701373,0.922647184029343,0.930716570884013,0.90107349731365,1
1,1,1,1,1,0.861252788871049,1,1,1,1
1,1,1,1,1,1,1,1,1,1
1,1,1,1,1,1,1,1,1,1
1,1,1,1,1,1,1,1,1,1
1,1,1,1,1,1,1,1,1,1
0.921314555843539,0.0956449875903734,0.761102874803182,0.726096001185876,0.241805125150274,0.670037830590773,0.309732057987997,0.540669573473936,0.262298111499519,0.645514878539519
1,1,1,1,0.284126833760948,1,1,1,1,1
1,1,1,0.255473819109031,1,1,1,1,1,1
0.105234941054251,1,0.0903202377165319,1,1,1,0.798354765108483,1,1,1
0.726489813967305,0.51375663100274,0.954820181512461,0.804543845445686,0.594368693993961,0.106121937572642,0.591205249941849,1,0.1173884868163,0.0656288231503659
0.990074181311142,1,0.636652419118381,1,0.854525584622839,0.237811188010619,0.501539546640019,0.257716095854896,0.504296298283127,0.469587724071179
1,1,1,0.238191581733089,1,1,1,1,1,1
0.0849845368112716,1,1,0.095703488509963,1,1,1,1,1,1
0.997359445005425,0.893096506540419,0.056848048610594,0.697390218595792,0.655343775534608,0.0283463740282192,0.796154947974045,1,0.767427791741702,0.210166527511606
1,1,1,1,1,0.190269861180392,1,1,1,1
1,1,1,1,1,1,1,0.329168221403351,1,1
1,1,1,0.24065366524021,1,1,1,1,1,1
0.404476375472465,0.896078533006763,0.700789090729092,0.152867710627039,0.921274429050261,1,0.637760598440831,0.0823490798122089,0.455866724867617,0.407670287576504
1,1,1,0.948206075845981,1,1,1,1,1,1
1,1,1,1,1,1,1,0.337320928142199,1,1
1,1,1,0.277084559248064,1,0.234136521337799,1,1,1,1
0.769821307064761,0.721004953583372,0.723967953251338,1,0.884263415213372,0.847401237238699,0.183012082893008,1,1,0.103008687525016
1,1,1,1,1,1,1,1,0.334092110430162,1
1,1,0.0626866689234456,1,1,0.458528194887464,0.473239281038228,1,1,1
1,1,1,1,1,1,1,1,1,0.486904633892635
0.289485704333033,0.0799551687783367,0.970319430227908,0.833659007972716,0.546443398568111,0.354835255239594,1,0.601946014741497,0.172389627756626,0.722762437288958
0.148774263427914,0.807743846913419,0.975324890933005,1,1,0.193990868639541,1,1,0.899876910808619,1
0.425446415259101,1,1,1,1,1,1,1,1,1
1,1,1,1,1,1,1,1,1,1
1,1,1,0.921129184433105,1,1,1,1,1,1
1,1,1,1,1,1,1,1,1,1
1,1,1,1,1,0.605111901641806,1,1,0.223550093095271,1
1,1,1,1,1,1,1,0.858158191685953,0.433084371496604,1
1,1,1,0.793735793485256,1,1,1,1,1,0.685771817429963
1,1,1,1,1,1,1,1,1,1
1,1,1,1,1,1,1,1,1,1
0.318527531142904,1,1,1,1,1,1,1,1,1
1,0.834284203563995,0.229183727879085,0.512983562269134,0.653296347846292,0.942773100959787,0.48131764882432,0.966130517496283,0.456959022220529,0.599721722621476
1,1,1,1,1,1,1,1,0.276569671957727,1
1,0.440903326616299,1,1,1,1,1,1,1,1
0.393873634227728,0.474345943598823,0.55643766165598,0.418866543362688,0.767098783864994,0.906236818813553,0.683718487175616,0.960710240469261,0.299040348943332,0.0221466946807638
0.921868169183519,0.604285322174809,0.4596392718004,0.220693069181549,0.977296704708369,0.0789486053888539,0.704084169733287,0.696056237934118,0.162001501571591,1
0.797344545894786,0.142443654869965,0.207174992855379,0.243917272172844,0.754669977363186,0.571702781055093,0.627039418441735,0.510521780998657,0.144934068627467,0.691587280307074
1,1,1,0.41365226795173,1,1,1,1,1,1
0.452154832826446,0.181841188587049,0.0758544205761369,0.32501993786976,0.89444502851054,1,0.759942094351118,0.553318209548204,0.278888181646269,0.68153357559433
0.279554666054705,0.116789848608122,0.512939517249041,0.0861855925403322,0.22201076504733,1,0.782387796146945,1,0.594167090441333,0.869257048668156
1,0.40510767696136,1,1,1,1,1,1,1,1
0.696149915009601,0.120924776140677,0.507377254768681,0.119915795776152,0.646154840584076,0.841884190983876,0.575079730712635,0.904230628658755,0.414249068005812,0.37312353308611
1,1,1,1,1,1,1,1,1,1
0.0890523737427299,0.968754963501894,0.119653235675188,0.78145725386567,0.831281318229639,0.636637828725964,0.916319029395072,0.843471350321093,0.781568354643749,0.389152739663818
0.462313276625435,0.351946924416114,0.773295578820007,0.552731217022009,1,0.0402098897073955,1,0.71640210238499,1,0.495755496084922
0.233137603106196,1,0.676061477503411,0.110135154176062,0.656574349056387,0.776642849814619,0.690241554000312,0.348395363940765,0.117766019472739,0.891972073245675
0.616225640141112,0.800127443043481,0.10773691599377,0.419891934669898,0.336628734532849,0.247780164265863,0.356161597223333,0.646896297759932,0.959326015692194,1
0.941604158017147,0.834880968471699,0.927619839686995,0.310085064415735,0.467121135633041,0.439520332947129,0.135476559995755,0.592052545513066,0.433362700140209,0.910408823607173
0.976501380735585,1,0.80267615289878,0.973189527379449,0.796468877170007,1,0.804776415941582,0.75381092438981,0.138741162377255,0.890147912308729
0.261499578568877,0.742553666914071,0.561500874768381,0.074446662972668,0.670516247094687,0.673736987431939,0.445341937601589,0.468854340889782,0.864977424468987,0.853301507995693
1,1,1,1,1,1,1,1,0.204562930791932,1
1,0.30876174674568,1,1,1,1,1,1,1,1
0.818168359610393,0.631756574312547,0.758332598729915,0.0596837331636856,0.312163544164767,0.305802190869591,1,0.732451903663589,0.225872104266858,0.860718078834233
1,0.302623760750824,1,1,1,1,1,1,1,1
0.982671627667512,0.87259497769926,0.792769510877709,0.521351584476172,0.824733287056589,1,0.82638244255156,0.590863439867755,1,0.802948807334806
0.407424702771259,0.884873600301987,1,0.0970797662546978,0.666160829897428,0.852667631375208,0.634988488312362,1,0.773675853109785,1
0.89731813360873,0.249354521023894,1,0.78234492692381,0.556228108482915,0.16890414046258,0.756639115055962,1,0.569379174460835,0.299422422029842
0.933576644250369,0.50964679489606,0.78165897607413,1,1,0.416029153928279,0.595248061040641,0.429907476346933,0.618428123781829,1
1,1,1,1,1,1,0.317297707252618,1,1,1
0.484115534058808,1,0.483567613054199,0.86030564438585,0.986557064612906,0.791277644325887,0.96252581286006,1,0.110974348841951,1
1,1,1,1,1,1,1,1,1,1
1,1,1,1,1,1,1,1,1,1
1,1,1,1,1,1,1,1,1,1
1,1,1,1,1,1,1,1,0.24846648075831,1
1,1,1,1,1,0.336901588109583,1,0.954342424532606,0.051403685811266,1
0.377118741619936,0.0433488762274107,1,1,0.458986354934077,0.489568219794052,0.925153824876679,1,0.603901592114948,1
1,1,1,1,1,1,1,0.633107241953496,1,1
1,1,1,1,1,1,1,0.732391980698619,0.308825424804796,1
1,0.737955128415752,1,0.624358895490581,0.80156888763495,0.392922666372107,0.337572067033598,0.90010081724826,0.0154905163250127,1
1,1,1,1,1,1,1,1,0.059262930180343,1
1,1,0.482288100123181,0.684210926266625,1,0.0638729005899933,0.672017509239936,0.436748830827644,0.390792262987678,0.963373673523751
0.825923128705781,0.908221514434599,0.829294844399288,0.944716841172699,0.22549056420936,0.0350472537730988,0.502974470900438,0.362464142579566,1,1
1,1,1,1,0.210739134375908,1,1,1,1,1
0.294980643834862,0.450780613256425,0.893221167486401,0.28156529860157,0.130184425875273,0.411601425487928,0.354425340849785,0.563593541766351,0.658661428297044,0.649225254738456
0.225001782332172,1,1,1,1,1,1,1,1,1
0.570535984962687,1,0.792909484850854,0.921463975366881,0.860627369021371,0.489414936572866,0.62745449048103,0.493574560033845,0.553861572909298,1
1,0.923946915368949,0.149815600411,1,0.557250122340379,1,0.457607260874461,1,0.602562806820775,1
1,1,1,1,1,0.291348409008054,1,0.0961904083996115,1,1
1,1,0.925235688498027,0.377568828592655,0.257166469372543,0.212204021472779,0.445070462878765,0.941995988656506,0.189396983857675,0.301965232427868
0.510718469128129,0.734828730421204,0.842669948250738,0.991012519783292,1,1,0.998315801400753,0.623781324757734,0.463715554547621,0.731631612286012
0.0150185259400674,1,1,1,0.208429053141187,0.918932971976256,0.893199352279855,0.61047922753571,1,1
1,0.883104451739887,1,0.75916834393389,1,0.0478964349346496,1,0.296581948136309,1,1
1,0.928790850667997,1,1,1,1,0.653993899286524,0.958744735031907,1,0.90894092649739
0.0501826452890689,1,0.961991671506873,0.504506475505091,0.193071955734992,0.499851754155713,0.424910800068555,0.934930822074773,0.419079711308283,0.875937151193066
0.418403647923022,1,1,1,1,1,0.950592731641277,1,0.361220079260662,1
0.212824827197611,0.366583001577725,1,1,0.990012049605773,0.922207739438321,0.257574233760505,0.122692309918919,1,0.588209705151949
0.456057046449351,1,0.967549595636494,1,1,0.0791950058989117,0.624172812561997,0.10474520699215,1,1
1,1,0.343418736466276,1,1,1,1,1,1,1
1,1,1,1,1,1,0.108764102376772,0.164149127968922,1,1
0.795634334668883,1,1,0.893039147037094,0.103234004016475,0.687663514424631,0.144953420683422,0.669652361593048,1,1
1,0.481678993918406,0.819341911173486,1,0.0354185886495711,1,1,1,0.64326376767443,1
1,0.417339543050359,1,1,0.0576350071501797,0.341628643863851,1,1,1,1
1,1,1,1,1,0.139213558304398,1,1,1,1
0.0581346589035318,0.862525286486953,0.988307816766323,1,0.696877727295478,0.220536352834117,1,0.283644859338567,0.733173327023769,1
0.688122145136857,1,1,1,1,1,1,1,1,1
1,1,0.964757678946516,0.53845311198651,0.800793495434233,0.577583333421546,1,1,1,1
1,1,1,1,1,1,1,0.63597780908452,1,1
1,1,1,1,0.627016553962922,0.580023793841258,1,0.867978364419898,1,1
0.323498621536615,1,1,1,0.435950884095054,0.113205495822049,1,1,0.686992293830499,0.756534079804952
1,0.993134652667771,0.919309389714483,1,0.111113383564871,0.409265284744123,0.817264445961994,0.124013427694884,1,1
1,1,1,1,1,1,1,1,0.189412340679522,1
0.333134819455579,1,1,1,1,1,1,1,0.492985434808778,1
1,0.897367606520574,0.686830951153719,0.177314883047461,0.849459268785313,1,0.787914375159565,0.801595381089597,0.773152182323871,1
1,1,1,1,0.601614692903592,1,1,1,1,1
1,0.580349093951693,1,1,0.660391069037206,1,0.48849403632105,0.774293536450626,0.32328726585537,0.344797045346011
0.116109477988013,0.976113167072202,1,0.971398703358982,0.972367825951687,1,0.870699832771498,0.0513759272468515,0.82506579637806,1
0.935635789452321,0.220984899031295,0.718038844560436,1,0.0423844821862503,0.360619892184132,0.613846865359812,0.715271314413776,1,1
1,1,1,1,0.856799075236745,0.72419266573315,1,0.173870132416052,1,1
1,1,1,1,0.323230510724896,1,1,1,1,1
1,1,1,0.336403150389219,1,0.323185291732186,0.39869959370024,0.568398319207969,1,1
0.473080742302679,0.87660899215284,0.996466209732188,0.72277722063217,0.142332481219755,1,1,0.1130579722256,1,0.539601627045282
1,1,1,1,1,1,0.911608822469425,1,1,1
0.762994275172839,0.737160068705704,1,1,0.128741090805457,0.94107962541207,0.321094218894636,0.86532841713273,1,0.132003855222576
1,1,0.759078213084273,1,0.245104098036841,0.962044422149191,0.373365059174652,0.275685885222651,1,0.40282697142197
1,1,1,1,1,0.655287088454217,1,1,1,1
1,1,1,0.699088867446063,1,0.137617559966103,1,0.418689088896605,0.757361149450069,1
1,1,0.542315586168195,1,1,1,1,1,1,1
1,1,0.99350638951502,0.164536030656018,1,1,1,1,1,1
1,1,0.660887884747376,0.0618648506309412,0.33888342664125,1,0.907744876086759,0.908894129602769,1,1
0.844225508954665,1,0.510530562686665,0.297657864342173,0.920509597923095,0.785350576060788,0.702593796247831,1,1,1
1,1,1,1,1,1,1,0.59033108450614,1,1
0.323125344481654,1,1,1,1,1,1,0.13003848872868,1,1
1,1,1,1,1,1,1,1,1,1
1,1,1,1,1,1,1,1,1,1
1,1,1,1,1,1,1,1,1,1
1,1,1,1,1,1,1,1,1,1
1,1,1,1,1,1,1,1,1,1
1,1,0.840174010655477,1,1,1,1,0.28669519117615,0.97451749973977,1
0.0545290793539952,0.389803372599208,0.295447083660657,0.729286427611802,0.739033461452331,0.899251824564117,0.594657924093384,0.326935355234887,0.151726374649048,0.901780672104281
1,1,1,1,1,1,1,1,0.552538266480414,1
1,1,1,1,1,1,1,1,1,1
1,1,1,1,1,1,1,1,1,1
1,1,1,1,1,1,1,1,1,1
1,1,1,1,1,1,1,1,1,1
1,1,1,1,1,1,1,1,1,1
1,1,1,1,1,1,1,1,1,1
1,1,1,1,1,1,1,1,1,1
0.713907673431449,1,1,1,1,1,1,1,0.578346514339704,0.27123617053608
0.347216149643561,1,1,1,1,1,1,1,1,1
0.904321241088301,1,0.850716682639044,1,1,1,0.598916204381753,1,1,1
1,1,1,1,1,1,1,1,0.228250289956295,1
1,1,0.955393286697099,1,1,1,0.657977756557204,1,0.221802269673193,0.109769386027328
0.750853509353967,0.462421206074494,0.205780292839611,0.823736379146344,0.761419428812745,0.625513235594541,0.317552847667234,0.7119795729212,1,1
1,1,1,1,1,1,1,1,0.422965416335623,1
0.533354833002125,0.287762636818548,0.08778771427217,1,0.857419047366246,1,0.567342580180584,0.949545076162018,0.51911297373941,0.634534735504892
1,1,1,1,1,1,1,1,1,1
1,1,1,0.190057399422729,1,1,1,1,1,1
1,1,0.293478226523686,0.0422381493346799,1,1,1,1,1,0.490273985093053
1,1,0.321063274748638,0.243856919317647,1,1,1,1,1,0.607150997365232
1,1,1,1,1,1,1,1,1,0.316784672008902
1,1,1,1,1,1,1,1,1,0.354711138853846
1,1,0.435900853851237,1,1,1,1,1,1,1
1,1,1,1,1,1,1,1,0.329806098350244,1
1,1,1,1,1,1,1,1,0.450535598977864,0.702757320872158
0.17898866482974,1,1,1,1,1,1,0.506442954350534,1,1
1,1,1,1,1,1,1,0.502350230478297,1,1
0.155070810732711,1,1,1,1,1,1,1,1,1
1,1,1,1,1,1,1,0.139367657854636,1,1
1,0.463566105515483,1,0.190826945152146,1,1,1,1,1,0.301284471801795
0.780993681970013,0.980889401232371,0.773385077102656,0.235673017367101,1,1,1,0.254087309990212,0.103733910134062,0.605208991864497
1,1,1,1,1,1,1,1,1,0.41271158937787
1,1,0.682240797114939,1,1,0.85242105529676,1,0.221355887246589,1,1
1,1,1,1,1,1,1,1,1,0.48315035701512
1,1,1,1,1,1,0.589555083027677,1,1,0.30913779211534
1,1,1,1,1,1,0.410612348522968,1,1,0.243732104527484
1,1,1,1,1,1,0.401212412592311,1,1,1
1,1,1,1,1,1,0.473109202606379,1,1,1
1,1,0.732503445568575,0.621568652920373,1,1,0.0475164122113287,0.269374584034397,1,1
0.252618500593604,1,1,0.684510221361829,1,0.153407247825577,0.697748559815342,1,1,1
0.11185089381109,1,0.142704780322335,1,1,1,1,1,1,1
0.174005872756754,1,0.688753506774909,0.945825113165391,0.161462503549885,0.955944980622333,0.158738740839371,0.343023961050784,0.640022859897587,1
1,1,1,1,1,1,1,0.938343689949181,1,1
0.165637465820354,1,1,0.94829443374555,0.87621129139372,1,1,0.356557144546501,1,1
0.0581932334744809,1,1,1,1,0.215674279360226,1,0.618413579599961,1,1
1,1,1,1,1,1,1,1,0.241017229502495,1
1,1,1,1,1,1,1,0.987921346057523,1,1
1,1,0.251144569399724,1,0.949050778483203,0.260934021726571,0.606809152670134,1,1,1
1,1,1,1,0.587392054449313,1,1,1,1,1
0.481351671518855,1,0.444601874936463,0.844243075156874,1,0.920578064781358,0.85941182323243,1,1,1
1,1,1,1,1,1,0.288755075886963,0.236362746551209,1,1
1,1,1,1,1,1,1,0.313295521200383,1,1
0.726102478262374,0.875873758586313,0.166418524042464,0.419297344376506,0.515252007074553,0.330946063326658,0.988702983364873,0.558812678005292,0.894988526461321,0.603181648652928
0.761188979650464,0.352153760777787,0.570754206783656,1,0.966401904720079,0.989035750981017,0.317107880637214,1,0.301035972246766,0.134273774141072
1,1,1,1,1,1,0.0436877120462212,0.158718862817747,1,1
1,1,1,0.293025789098208,1,1,1,1,1,1
1,1,1,1,1,1,1,1,1,0.542960822403348
1,1,1,0.745887471836743,1,1,1,1,0.344216802397848,1
1,0.570244301509559,0.956260429435083,0.364840471924916,1,0.463573621704791,0.80508799220678,0.291677573378073,0.565846572613533,0.0363298066926524
0.189293289459818,0.655411853610643,0.724695173803384,0.923250815154857,0.3219269740184,1,0.960904435837108,1,1,0.620689911653928
1,1,1,1,1,1,0.424149252290414,1,1,1
1,1,0.332385422863704,1,1,1,1,1,1,1
0.239301255824798,1,1,1,1,1,1,1,1,1
0.585311804788818,0.46723174287383,0.318020563679508,0.647603708559244,0.507063104750976,0.476285039002631,0.312648801646527,0.051181246244942,0.145636780611339,0.963256896670763
0.10454028895056,0.955564378921876,1,0.0800375031878652,0.783985631142375,0.19351754145059,0.900610350680884,0.860684948340783,0.254655811885498,1
1,1,0.661071461571425,1,1,1,0.250463753615115,1,1,1
1,1,1,1,1,0.237265009686813,1,1,1,1
0.144376365829975,1,1,0.195493590041248,1,0.16142574779986,0.511911074227425,0.82229084465631,0.272263794083513,0.350968493861199
1,1,0.319546776560092,1,1,1,1,1,1,1
0.0190076707096767,1,0.907533848166823,0.235372836238907,1,0.799889794655521,1,0.418747930902054,0.829239248775554,1
0.0531030719322677,1,1,0.517819683097089,1,0.653876747994492,1,0.212570279248442,0.77693185976347,1
1,1,1,1,1,0.238786375095227,1,1,1,1
0.267925448909082,0.967068793107961,0.541861500075463,1,1,0.507885093387938,0.05792222890738,1,0.327677058720038,0.490923032165114
0.735609963662263,0.781027472166117,0.0497179049557119,0.908901119296027,0.513429850452299,0.844059270735831,0.200560560470475,0.296788623476733,0.545614256041956,0.654037258460414
0.35291628630207,1,1,1,1,1,0.125231214441212,0.0892892218233701,0.130204981231711,1
1,1,0.135945756646928,1,1,1,1,0.533066780006751,1,1
1,1,1,1,1,1,1,0.379209909645254,1,1
1,1,1,1,1,1,1,1,1,0.483543205673879
1,1,0.530257156004925,0.348584891075493,1,1,1,1,1,1
0.441431027757251,0.0880939305603526,0.182321450484563,0.411555222647976,1,0.419149485950947,1,0.689802427701607,0.989181052743276,1
1,0.43983923541943,1,1,1,0.575050180724349,1,1,0.35276368470121,1
1,1,1,1,1,1,1,0.456237779723343,1,1
0.332068395981589,0.556533674878247,0.069692235034738,0.531529999424177,1,0.577565251838779,1,0.751801427749802,0.716041641771923,0.924978807528895
0.277423601286138,0.27084447287062,0.372957453177168,1,1,0.0740412217729002,0.594226436546162,1,1,1
1,1,1,1,1,1,1,1,1,0.450421985846902
0.327706246028835,1,1,1,1,1,1,1,1,1
1,0.992723339478799,0.155264526121001,1,1,1,1,1,1,1
0.635729834056499,1,1,0.483347154859741,1,1,0.498689786115535,0.972525271666798,0.953850896513797,0.848712733632163
1,1,0.19205221101027,1,1,1,1,1,1,1
1,1,0.340697863535021,1,1,1,1,1,1,1
1,1,1,1,1,1,1,0.467515953022433,1,1
0.0801821444687086,0.932595500286563,0.891883867591045,0.836433331838096,1,1,0.748327194688385,1,0.509754758947092,0.982965200812055
1,1,1,1,1,0.275873884025002,1,1,1,1
0.821478793426284,0.666418531832554,0.213541481222095,0.109200435345367,1,0.514332205879643,0.318461451903686,0.309333778331198,0.962338653229142,0.703820613044269
0.352623387533201,0.901530122113627,0.87767742775168,0.23653403860694,0.765717081858092,1,0.796963234900268,0.660092308053035,0.796757889301458,1
1,1,1,1,0.753317925856422,0.513400387110097,1,1,0.267966126599124,1
1,1,0.192598844859941,0.291239307874547,0.434886738330403,0.890007637832305,1,1,1,0.731388422424037
0.386858247566476,0.530829010924695,0.411665529788135,0.110573160718377,0.322186695716718,0.735257383417786,0.93102662309712,0.141788974471161,0.851571931995073,0.62004629607443
1,1,1,0.188364192351579,1,1,1,0.459503619751096,1,1
1,0.563479374737726,1,1,1,1,1,1,1,1
1,1,1,0.228127911957917,1,1,1,1,0.247040246470815,1
0.0347984046423234,1,0.989175004392088,0.924762630418727,0.80587705764934,0.765572775442479,0.762418933951524,0.633975722438329,0.626782526125188,0.364874860548747
0.307610651719246,1,1,1,1,1,1,0.418064258558284,1,1
1,1,1,1,0.916938267135235,0.249949553451533,1,1,0.610003415095014,0.980297905542305
1,1,1,1,0.691099812522852,1,1,0.655783249465037,0.364927105840527,1
1,1,1,1,0.654932808462129,1,1,1,1,1
1,1,1,1,1,1,1,0.517728087113505,1,1
0.486853315999709,1,0.663662326874436,0.0541927305818663,0.633250961380354,0.27376854683617,0.896223760313169,0.440440446247959,0.314892778973287,0.358514500470906
1,1,1,1,1,1,1,1,1,1
0.847916068786903,1,0.766842032392729,0.130635134173983,0.768539729502749,0.413762361144275,0.551678407475013,0.302332413368871,0.215430126660729,0.189561045112431
1,1,1,1,1,1,1,1,1,1
1,1,1,1,1,1,1,1,1,1
1,1,1,1,1,1,1,1,1,1
1,1,1,1,0.538446284001994,1,1,1,1,1
0.792184033504607,0.114555385032717,0.869105191506242,0.111853239408378,0.118804357541118,0.768998425865919,0.521497413095901,1,0.397740626839253,0.875754536927406
1,1,1,1,1,1,0.102754773184782,1,0.0982229569824223,0.349409738556479
0.697935459981184,0.139595918830023,0.725567937694744,0.259057912630394,0.29792785532965,0.510405153722329,0.42898809861478,0.217680186080254,0.422237459193682,0.266058571052158
0.826747823604595,0.0785327029468517,0.582696578604691,0.994949363326386,0.294703555527032,0.0575657252593969,0.470030414129879,0.748744434723387,0.338272137593685,0.89186221986683
1,1,1,1,1,1,1,0.412198170865537,1,1
0.261612772915156,1,1,0.500749301111696,1,1,1,1,1,1
1,1,1,1,1,1,1,1,0.287491027676601,1
0.484097218207966,1,1,0.21246169532142,1,1,1,0.452614373937836,0.0697246315328124,1
0.732536698138236,0.0991177128857803,0.0662548845109441,0.735330041922725,0.451434823464048,0.96910246482515,0.631533592897156,0.128542709164766,0.665155025744769,0.523447758534227
0.719254057976985,0.901678283744098,0.742314465946532,0.766257126917544,0.885852362243901,0.674399951293666,0.602689786235292,0.41972569020885,0.0425841288594507,0.164831637668473
0.919118726137975,0.264183022443977,0.165503108200383,0.836922189534067,0.407398743165566,0.322801974502955,0.515407980444617,0.0996652802963974,0.572266778336475,0.197567380542515
1,1,1,1,1,1,1,1,1,0.483300472967622
0.561715713223432,0.0669552300770668,0.427450009930231,0.890864209203801,0.291935953535003,0.120947473075854,0.908589040246732,0.744437193853382,0.390666062226641,0.768414441335546
0.0822680305438751,0.836562694577788,0.794855130320102,0.917200893226411,0.64766802155284,0.8676948499744,0.129959873422563,0.566563945663546,0.0970308139281052,0.594041097486337
1,1,1,1,1,1,1,1,1,0.564185523039313
1,1,1,0.32185803512044,1,1,1,1,1,1
1,1,0.309613043442067,1,1,1,1,1,1,1
1,1,1,0.331147695750638,1,1,1,1,1,1
0.130929306882956,0.313891466084118,0.0955685689289153,0.886075201043039,0.794981813411597,0.280784693555767,0.573143467665036,0.649692053525129,0.195652698146859,0.87354330239309
1,1,1,0.321713781286918,1,0.156996325456928,0.420611783473218,1,0.0452401077504857,1
1,1,1,1,1,1,1,1,1,0.101374485705133
1,0.8784652121445,1,1,1,0.811905421353516,0.560381657796186,0.121906971391091,0.845334499813586,1
1,1,1,1,1,1,1,1,0.106535040162259,0.576529485733838
0.208553686573473,0.520912296181083,0.169173026228452,0.255456250523984,0.23160265320091,0.574729135792701,0.277651507557695,0.882143186339745,0.319656341271307,0.994281083022432
1,1,0.258050404248849,1,1,0.033333584282604,1,1,1,1
0.301452091997767,1,1,1,0.69436356227824,0.695723408970905,1,0.767700099925958,0.622631192129838,1
1,1,1,1,1,1,1,0.904414951111993,1,0.932430647104344
1,1,1,1,1,0.331818259868002,1,1,1,1
1,0.396446402959461,1,1,1,1,1,1,1,1
1,1,0.575962572264836,1,1,1,1,1,1,1
1,1,0.628367975259736,1,1,1,1,1,1,1
1,1,1,1,1,1,1,1,1,1
1,1,1,1,1,1,1,1,1,1
1,1,1,1,1,1,1,1,1,1
1,1,1,1,1,1,1,1,1,1
1,1,1,1,1,1,1,1,1,1
1,1,1,1,1,1,1,1,1,1
1,1,1,1,1,1,1,1,1,1
1,1,1,1,1,1,1,1,1,1
1,1,1,1,1,1,1,1,1,1
1,1,1,1,1,1,1,1,1,1
1,1,1,1,1,1,1,1,1,1
1,1,1,1,1,1,1,1,1,1
1,1,1,1,1,1,1,1,1,1
1,1,0.716210005264713,1,1,1,1,1,1,1
1,1,0.71621001154751,1,1,1,1,1,1,1
1,1,1,1,1,1,1,1,1,1
1,1,1,1,1,1,1,1,1,1
1,1,1,1,1,1,1,1,1,1
0.497881883819966,0.861691851914212,1,0.342535528761679,0.969650682395215,0.735790188229553,0.152393450459691,0.166284493328064,0.215043893163197,0.623445893059974
0.178325734892633,0.604278322398104,0.836398342080656,0.536846436721352,0.901782468736228,1,0.568284635509986,0.11351949574921,0.889331466661778,0.239748108575195
0.924494242155232,1,0.784537709815089,1,1,0.215112030009344,0.898877719435552,0.682964466050659,0.208019222494262,1
0.0512607395048166,1,1,1,1,1,1,0.356129584061937,1,1
1,1,1,1,1,1,1,1,1,1
1,1,1,1,1,1,1,0.592457008765161,1,1
1,0.193704467841516,0.956745500052076,0.462388648358019,1,0.116624991549514,1,0.725140006957721,1,1
1,1,1,1,1,0.197148889982526,1,1,1,1
1,0.311761805730861,1,1,1,1,1,1,1,1
1,0.553707679472231,1,0.464886255288368,1,0.332855536359382,1,1,1,1
0.191637573910654,1,0.438140293740973,0.974929332783627,0.16105062354565,0.568629281118245,0.835384244973157,0.848031729889535,0.164158644900633,0.565966029489448
0.229595297572478,1,1,0.0710104956255072,1,1,1,1,1,1
1,0.958972470245542,1,1,1,1,0.147289978374499,1,1,1
1,1,1,1,1,1,1,0.511531288408118,1,1
0.767341518717298,0.671164965241055,0.607538057105344,0.916465443030022,0.981608843195814,0.377337197997048,0.287421124885494,0.673499103467815,0.254051441017434,0.758989246468386
1,1,1,1,1,1,0.071850493658727,1,1,0.245620664338032
1,1,1,1,1,0.452565570489039,1,1,1,1
1,1,0.0228401013437818,1,0.697670385838594,1,0.990209167047352,1,1,1
1,0.7301841527304,1,1,1,1,1,1,1,1
0.129115617258592,1,1,1,0.783943205183164,1,1,1,0.0816919981808517,1
0.0600786781990943,1,0.454767626080838,1,1,0.6311807434432,0.125597364634285,1,1,0.169545015399407
0.161181243372234,1,0.133593666261801,0.631495899860242,0.0958704402372914,0.978530876811714,0.530309544961064,1,0.486436850206963,0.790193341457314
1,1,1,1,0.154727803904714,1,1,0.408847799372209,1,1
1,1,1,0.154122798436199,1,1,1,1,1,1
1,1,1,1,1,0.665756246196102,1,1,1,1
1,1,1,1,1,0.254210696088052,1,1,1,1
1,1,0.324233775214114,0.353224384465968,1,1,1,0.423440537784804,1,1
0.34026551253563,0.980387255216113,0.907052154185681,0.490946839229544,0.914345930077201,0.181280908823665,0.539312966827678,1,0.655857515774161,0.535400062938074
1,1,1,1,0.634686370490295,1,1,1,1,1
1,0.605892818982228,1,1,0.764452384955732,1,0.925752619021504,1,0.322786695211138,0.720786219235419
1,0.273701966322457,1,1,1,1,1,1,1,1
1,0.273701968362677,1,1,1,1,1,1,1,1
1,1,1,1,1,0.383826199227186,1,1,1,1
1,1,1,1,1,1,1,1,1,1
1,1,1,1,1,1,1,1,1,1
1,1,1,0.921970798704581,1,1,1,1,1,1
1,1,1,0.242843230234477,1,1,1,1,1,1
1,1,1,1,1,1,1,1,1,1
1,0.6206953850704,1,0.171120005983062,1,1,0.0459216404349463,0.61590605484233,1,0.291934789622162
0.882007382746555,1,0.976010931277305,0.645353524618299,1,0.782227243642041,1,0.418280491151492,0.692095516680469,1
1,1,0.222889961414236,1,1,1,1,1,1,1
1,1,0.292528710255299,1,1,1,1,1,1,1
0.900116782398363,0.55624055406276,0.504944477923628,1,1,0.883971759627396,1,1,0.581273728056893,0.80982808602712
1,1,1,1,1,1,1,1,0.260368901977079,1
1,1,1,0.412651405274323,1,0.829262698197429,0.803864407913376,0.475822159142299,1,1
0.949291823407122,0.675139807660534,0.471438891820609,0.370106897724429,0.928718486268978,0.16506288049115,0.8575935697566,0.245775818130813,0.936771923052494,0.967432382107507
0.402323342073089,1,1,0.704774504082818,1,0.0607729246273638,0.760456288706309,0.592717696922493,0.890864295159846,1
0.840351968849596,0.738067514742627,0.190536954816261,0.948935599769531,0.92820517391089,0.950126098665175,0.872669777253824,0.468306955657603,0.626781540742446,0.878399793510844
0.0806573416634448,1,1,1,1,0.391287740229719,1,1,1,1
1,1,0.147812569500261,1,1,1,1,1,1,1
1,1,0.244701463424666,1,1,1,1,1,1,1
1,1,1,1,1,0.352923065013018,1,1,1,1
0.950978899597489,1,1,1,1,1,1,1,0.468942787961409,1
1,1,1,1,1,1,1,1,1,1
1,1,1,1,1,1,1,0.756548218615454,1,1
1,1,1,1,1,1,1,0.756548218615454,1,1
1,0.459026246346024,0.517202051642829,1,1,0.22313290878616,1,1,1,0.810330652750435
1,1,1,1,1,1,0.384924622245776,1,1,1
0.244682048141148,0.604918076016779,1,0.932028035796526,1,0.153790372421518,1,0.668071176535166,0.479039342877131,0.214567699580947
0.557125733229903,1,1,1,1,1,1,1,1,1
1,1,1,1,1,1,1,1,1,1
0.485665604905726,0.622035480238312,0.0756967952467105,0.334052931143689,1,0.498143915926965,0.848245265839757,1,0.421753395259856,0.221278011101588
0.13114661296966,1,0.716399030861836,1,1,0.0527056973861927,1,0.234934861255798,1,1
0.0683458311192942,1,1,1,1,1,1,1,1,1
1,1,1,1,1,0.320682175153393,1,1,1,1
1,0.705897379334501,1,1,1,1,0.335502792028318,0.0582943919373052,1,1
1,0.804300185167891,1,1,1,1,0.540989187614339,1,1,1
0.925265686306664,0.803010128844982,0.194930864828756,0.184976125380772,0.842234051902571,0.366399461979814,0.599106614247717,0.988592972576513,0.249622611888171,0.92820554883745
1,1,1,0.234388572246724,1,1,1,1,1,1
1,0.605952833875597,1,1,1,1,1,1,1,1
1,0.293282001956498,1,1,1,1,0.764213061121422,0.791352202740029,0.869151746816803,1
1,0.293281999502432,1,1,1,1,0.764213066286712,0.791352210068022,0.869151742580567,1
1,1,1,1,1,1,0.433514611145303,1,1,1
0.935724323418611,0.537662233021641,0.751887821319256,0.300075478699095,1,0.874866898111084,0.93924619247347,1,0.215389150585469,0.687984732176466
1,1,1,1,1,1,1,1,0.299137133180297,0.837233854756251
1,1,0.923888483094568,0.404655101387858,0.808109358089537,0.163053020611842,0.608307108901089,0.39823971112194,0.365700940160997,0.354147233671934
1,1,1,1,1,1,1,1,0.232638055760254,1
1,1,1,1,0.574290525362761,1,1,1,1,1
1,1,1,1,1,1,1,1,0.252447063238383,1
0.950632305284148,0.960010217301047,0.765882169248367,0.243872879944619,0.869868777946325,0.898895486747606,0.219865684997868,0.361572610602464,0.0708861646398773,0.317416745409205
1,0.72179691239364,1,1,1,1,1,1,0.312451866623334,1
0.311224629045079,0.370953650700284,0.216349669839845,0.641414459815185,0.954850303338972,0.727590530211023,0.880090404047722,0.0509411291403355,0.873347315235056,0.42999422342962
1,1,1,1,1,1,1,0.388605858615269,1,1
0.255456783639583,0.854852668822558,0.438993425629832,0.950761960832459,1,0.940503837299102,1,0.315943754920528,0.600620310635205,0.282956296754472
1,0.453281225580519,1,1,0.396724191046447,1,1,1,0.24198894716636,1
1,1,1,1,0.606350840626959,1,1,1,1,1
1,0.797608240147032,1,1,1,1,1,1,0.223416675966405,1
0.801267204471255,0.951945573671027,0.766026306683632,0.920890935399186,0.70546544162696,0.985613445421674,0.328623928395358,1,0.0569224293014835,0.651808901289019
1,1,1,1,1,0.359583951668823,1,1,1,1
0.174985594772841,1,1,0.870913587025436,1,0.54524094297991,0.879474964752606,1,1,1
1,1,0.312721338790833,1,1,1,1,0.170219018981595,1,1
0.0543037421081622,1,0.995077446865546,0.928062713536941,0.568854231863958,0.172999365807929,0.779789917106355,0.402060525208215,1,1
1,1,1,1,1,1,1,1,1,1
1,1,1,1,1,1,1,1,1,1
