"","x"
"1",0.500000008334415
"2",0.500000040097874
"3",0.98799231020692
"4",0.9879923102926
"5",0.500000076326028
"6",0.499999991665977
"7",0.00615360878273035
"8",0.988917350403547
"9",0.00339203862462654
"10",0.00933024147272504
"11",0.977806119511708
"12",0.981280209332052
"13",0.499999873396515
"14",0.982607972777295
"15",0.00200681089861698
"16",0.00630954168276685
"17",0.48679760325941
"18",0.00154267868592415
"19",0.135405622635826
"20",0.403960836791621
"21",0.190841328159358
"22",0.176322712318873
"23",0.00126839536413241
"24",0.0195542791818213
"25",0.0872839436640187
"26",0.0381079974760922
"27",0.499999961226043
"28",0.986302099993239
"29",0.499999968985046
"30",0.500000040097874
"31",0.0383744395098674
"32",0.500000150938037
"33",0.0145420993568365
"34",0.499999947750721
"35",0.500000099977659
"36",0.972135486038972
"37",0.499999999996317
"38",0.00727146969479073
"39",0.00727146743308079
"40",0.964776315192693
"41",0.965063526272517
"42",0.499999991665523
"43",0.499999991665491
"44",0.500000040097874
"45",0.499999991666228
"46",0.499999965255526
"47",0.000411459454784674
"48",0.00034530398675378
"49",0.000145918363665044
"50",0.00907769038823258
"51",3.88963311610686e-05
"52",0.000758814755695894
"53",0.000247429259487929
"54",0.000699803191715797
"55",0.00186119037373938
"56",0.0330611661703515
"57",0.0102046633041176
"58",0.000455398106647027
"59",0.00016940186785378
"60",0.000201273916440619
"61",0.00789378976437596
"62",0.000121146886473745
"63",0.0130823007236988
"64",0.000303515312304038
"65",0.00648393690707707
"66",9.97210813148968e-05
"67",7.38125005452388e-05
"68",5.35739881335335e-05
"69",9.54642542892726e-05
"70",0.00012910824474764
"71",0.00333201033644398
"72",0.000287204454341814
"73",0.000139970734847149
"74",0.000103170030384485
"75",0.00350230997182265
"76",0.00469123451163644
"77",0.00142646674127504
"78",0.00179405534517923
"79",0.0267414527250663
"80",0.0117021084702058
"81",0.0210846919031517
"82",0.000213035664783143
"83",0.00752500489977869
"84",0.00164031632494077
"85",0.0124436645117376
"86",0.971795944975521
"87",0.0245907757823493
"88",0.00481518854672342
"89",0.00407996467368532
"90",0.00590883922606955
"91",0.000351869471109209
"92",0.00626218782043403
"93",0.000219892460396578
"94",0.000836433232142534
"95",0.000251471728690042
"96",0.00682916191698251
"97",0.000265488225688151
"98",6.99834333253154e-05
"99",0.000671230958656957
"100",0.000708524885301797
"101",0.000210225399030657
"102",0.0030585678559161
"103",0.000111810184234369
"104",0.013935539734058
"105",0.000296996417175728
"106",0.000476573621410195
"107",0.000367465702828351
"108",0.000670860611575281
"109",0.00049642893995313
"110",0.500000008335434
"111",0.977716158884026
"112",0.953136285143741
"113",0.975192466429068
"114",0.970547183673108
"115",0.49999998333598
"116",0.499999703021675
"117",0.499999912361222
"118",0.934890474533781
"119",0.978605573663485
"120",0.984208656765132
"121",0.953902226434038
"122",0.959247289014901
"123",0.0106385128277629
"124",0.0106384959839226
"125",0.98678305709726
"126",0.986537402878192
"127",0.988701828386777
"128",0.989747873188905
"129",0.983319576589624
"130",0.986189650345396
"131",0.986968432053705
"132",0.985529471141776
"133",0.981278803033718
"134",0.499999846440691
"135",0.899604759645826
"136",0.989626953507429
"137",0.991178029932227
"138",0.500000008338161
"139",0.986996099998958
"140",0.988217896431928
"141",0.977965084920338
"142",0.499999999997727
"143",0.0148356683692026
"144",0.00520206275275415
"145",0.00342496837398749
"146",0.00611047006379335
"147",0.00436450274857945
"148",0.281703088334639
"149",0.0218846749107189
"150",0.0385408551587668
"151",0.500000122733007
"152",0.299900296326294
"153",0.259534697778437
"154",0.981196297374427
"155",0.499999947750721
"156",0.0129986264308295
"157",0.500000046432499
"158",0.00456982393891627
"159",0.00456981164782619
"160",0.000197824282490383
"161",0.0110125833425672
"162",0.000631361416322329
"163",0.00730741126667105
"164",6.09619322465532e-05
"165",0.000537947044476197
"166",0.00223606391696091
"167",0.00515812175774294
"168",0.00409878843210434
"169",0.000328778123783442
"170",0.000141246920608399
"171",0.0174190812197196
"172",0.000384978670872519
"173",6.84928282348045e-05
"174",0.000461983830288084
"175",0.000210021031732048
"176",0.000184042858143373
"177",0.0148104341349147
"178",0.0402743643282374
"179",0.000492767340990343
"180",0.00288943995163093
"181",0.499999965255526
"182",0.0186843521370536
"183",5.07545706801778e-05
"184",0.000713890574827674
"185",0.499999991672702
"186",0.00688875555962248
"187",0.0029528889345878
"188",0.00216150054763816
"189",0.500000072077643
"190",0.500000046432499
"191",0.500000046432499
"192",0.49999991007907
"193",0.499999999997727
"194",0.000571179999675805
"195",0.00147765912174035
"196",0.00808826644288026
"197",0.921577633569055
"198",0.921577598957963
"199",0.0635736686557195
"200",0.000810470375466353
"201",0.030143077127895
"202",0.000328372604981527
"203",0.00234369790927792
"204",0.0383179534835174
"205",0.0155880487015817
"206",0.0133309303397906
"207",0.00535131708478003
"208",0.0010811408941298
"209",0.00686866945700766
"210",0.0127537280238156
"211",0.00205002406580977
"212",0.500000008335434
"213",0.987303751204544
"214",0.987303742783851
"215",0.49999991007907
"216",0.976350758781204
"217",0.499999999990703
"218",0.499999943136996
"219",0.987329492555323
"220",0.986868019037838
"221",0.981874916581233
"222",0.968730313177504
"223",0.0279166765473904
"224",0.0279166768818743
"225",0.98192664962315
"226",0.978179132202449
"227",0.97804610027147
"228",0.974095254828271
"229",0.0286682941073383
"230",0.0592975884066432
"231",0.000914179120326271
"232",0.977925339760414
"233",0.978363753444665
"234",0.039938472580238
"235",0.000278606945323359
"236",0.00303068056345808
"237",0.0494057618663131
"238",0.00315365105833514
"239",0.000639602628532351
"240",0.000151426131901042
"241",0.000115514505012197
"242",0.000183314035014574
"243",0.0214429616189143
"244",0.00155859272222034
"245",0.0215553261617325
"246",0.00621817039214016
"247",0.000216561840227159
"248",0.000468562050702328
"249",0.500000056969131
"250",0.49999999999866
"251",0.499999934489463
"252",0.500000052046802
"253",0.499999999998181
"254",0.500000081923408
"255",0.00143573133761855
"256",0.00203169592134941
"257",0.00191783145490827
"258",0.00352858262268478
"259",0.981319409456995
"260",0.00116080705197674
"261",0.000604559557000327
"262",0.00105031084321807
"263",0.00266795618413436
"264",0.00168791811682183
"265",0.00326857097696876
"266",0.951748380591938
"267",0.983432210717741
"268",0.980526821563702
"269",0.00145295630578471
"270",0.980755548881156
"271",0.00212405623832569
"272",0.000898431443165657
"273",0.00100269277402863
"274",0.980942099432525
"275",0.0620552982041716
"276",0.0145095846054466
"277",0.00143364116307159
"278",0.00340930565546203
"279",0.00207334161543208
"280",0.000346867222409915
"281",0.000346869162966205
"282",0.00226769349316488
"283",0.00226769349365728
"284",0.0122756762538989
"285",0.975645217011983
"286",0.00758011281694202
"287",0.00758011292816034
"288",0.00145295704346904
"289",0.982845324236232
"290",0.982845321378284
"291",0.00224114732546848
"292",0.00224115164173505
"293",0.0021501101848299
"294",0.0111190699283785
"295",0.000699569010036689
"296",0.0016451631193402
"297",0.00123216231986068
"298",0.00123215997507224
"299",0.00203202136336248
"300",0.00119170119108226
"301",0.000410762475633182
"302",0.00725184087245386
"303",0.000259001358992836
"304",0.0293577524336944
"305",0.499999991666228
"306",0.951748380591938
"307",0.499999943136996
"308",0.00639806134939948
"309",0.00204226861582624
"310",6.67948584347681e-05
"311",0.000210290244610777
"312",0.00417199602496182
"313",0.000186337589737994
"314",0.000714635191269009
"315",0.000426898259562264
"316",5.28491137016736e-05
"317",0.000254851052038357
"318",0.000963729611227625
"319",0.000262214682190791
"320",0.00102430469702947
"321",0.000102043876230548
"322",0.00955529088800885
"323",0.0107171039952056
"324",0.000281155112457422
"325",0.0036056080127386
"326",0.000534016255721928
"327",0.000350541752716054
"328",0.00043967314515289
"329",0.000401081949492707
"330",0.00249325059907051
"331",0.0283698624953108
"332",0.000787821451881323
"333",3.14740564040013e-05
"334",0.000493463100566313
"335",5.1519492123033e-05
"336",0.000174370952829576
"337",0.0063448783963099
"338",5.066434840167e-05
"339",0.0121334094343702
"340",0.000182287199132877
"341",0.000226091395807347
"342",0.0148132017625477
"343",0.000129415974025409
"344",0.000254742502474832
"345",0.00189978879030392
"346",0.0115149828522729
"347",0.00111196502378809
"348",0.000301465528187031
"349",0.00023795503969514
"350",8.81365042004066e-05
"351",0.000401166343467345
"352",0.00952440750644462
"353",0.000109124203276737
"354",0.0026440410050559
"355",0.00195947614549132
"356",7.39643586379403e-05
"357",0.00289208020442575
"358",0.000142114170044595
"359",4.46299959156296e-05
"360",0.000166615324656305
"361",2.11790159859299e-05
"362",0.000140646657656236
"363",0.000522859456807906
"364",3.61603052026157e-05
"365",0.0166977630418944
"366",0.0024737414519962
"367",0.00010047274741053
"368",0.0141132056860826
"369",0.000281079323208773
"370",0.000212046551712863
"371",0.000139695373952142
"372",0.206568581747658
"373",0.206568567435014
"374",0.500000046432499
"375",0.500000008335434
"376",0.0257829768515313
"377",0.00333834928963936
"378",0.162730714024953
"379",0.961079409637785
"380",0.984044306146435
"381",0.959771847241284
"382",0.499999965255526
"383",0.499999965255526
"384",0.500000040097874
"385",0.971678352369764
"386",0.00933024608463391
"387",0.00808468096023382
"388",0.00933025000626233
"389",0.978072960903563
"390",0.00933022768034875
"391",0.00933024041479818
"392",0.951023603262442
"393",0.499999984731113
"394",0.936623141299451
"395",0.936623034601842
"396",0.946240805247355
"397",0.499999965255526
"398",0.972357804988242
"399",0.500000067866047
"400",0.499999991672702
"401",0.970121244442233
"402",0.967198549819648
"403",0.980925279573774
"404",0.944009755438513
"405",0.985561617678007
"406",0.9601705942441
"407",0.93581720851516
"408",0.947692019237914
"409",0.499999991664708
"410",0.940512786270466
"411",0.96586852845828
"412",0.978697430709877
"413",0.500000000001082
"414",0.500000008316998
"415",0.500000008335826
"416",0.949069035393096
"417",0.500000000005448
"418",0.500000119394912
"419",0.499999904588795
"420",0.971512506359974
"421",0.980125769427239
"422",0.973526852456743
"423",0.976459981728158
"424",0.972108071402762
"425",0.500000035503737
"426",0.500000040097874
"427",0.973731358523191
"428",0.973731393677795
"429",0.97709677347156
"430",0.980867382344613
"431",0.95187377030723
"432",0.975372327664488
"433",0.979802537766202
"434",0.971678352369764
"435",0.985804452636759
"436",0.393472493431714
"437",0.00287553256258864
"438",0.49999991007907
"439",0.98239683902932
"440",0.956220925808968
"441",0.0118651693409569
"442",0.00653782508149373
"443",0.948452135348154
"444",0.949735083374291
"445",0.976627781939756
"446",0.00256692248350777
"447",0.00352619749884651
"448",0.49999991007907
"449",0.00902174342512256
"450",0.985480028307905
"451",0.991557599447751
"452",0.988421342415469
"453",0.988793628092504
"454",0.986538150652799
"455",0.00275207189649372
"456",0.00627921634378535
"457",0.0420315966248722
"458",0.00265201633195284
"459",0.00310351109493697
"460",0.0022017382662434
"461",0.00370518522708775
"462",0.0575629455406963
"463",0.108991847299261
"464",0.0032641247866301
"465",0.00326412727970412
"466",0.980185162408955
"467",0.986492574923501
"468",0.971706087097791
"469",0.500000091915588
"470",0.500000117147554
"471",0.500000039868539
"472",0.500000141461629
"473",0.500000008340295
"474",0.971503874954375
"475",0.499999999993462
"476",0.499999991661603
"477",0.499999991665523
"478",0.958507979853939
"479",0.978135482211565
"480",0.983859346259438
"481",0.499999984731113
"482",0.983859346259438
"483",0.978820203054868
"484",0.974712345915714
"485",0.967764782454668
"486",0.499999999992914
"487",0.923899742092926
"488",0.499999991664551
"489",0.972135486038972
"490",0.500000043290377
"491",0.49999991007907
"492",0.499999991667576
"493",0.934890474533781
"494",0.500000040453024
"495",0.500000040453024
"496",0.933762650240976
"497",0.971139107802474
"498",0.974588755552512
"499",0.989497879414006
"500",0.987967029603456
"501",0.1380201720232
"502",0.00509589198249702
"503",0.055412318762512
"504",0.0177725270362974
"505",0.500000000005934
"506",0.0458920720656873
"507",0.0074733770977549
"508",0.0201591809699531
"509",0.00477451241706056
"510",0.0108418663292204
"511",0.00232507171087282
"512",0.00610349217045652
"513",0.168570401846221
"514",0.119098208840174
"515",0.00505428298361491
"516",0.0064965396859879
"517",0.500000046432499
"518",0.0270783606483675
"519",0.0124947665094005
"520",0.00172621242246685
"521",0.0527312902008421
"522",0.000383250344762441
"523",0.040608266641081
"524",0.000207595247956531
"525",0.000671181317052634
"526",0.000170804733016496
"527",0.00057188446042708
"528",0.0132525298649184
"529",0.000224801211328618
"530",0.00824966487804132
"531",0.000150516900180904
"532",0.000254228221770383
"533",4.30400071173926e-05
"534",0.000126580060285034
"535",0.00122762039753429
"536",0.000350293305853743
"537",0.00912130102808499
"538",0.000139339502901072
"539",0.00758986228059528
"540",0.00107070547334333
"541",0.00123971563312798
"542",0.0042170788912971
"543",0.000174666279309315
"544",0.000816801776259313
"545",0.000114065538857637
"546",0.0438391042746666
"547",0.000526549169459504
"548",0.00723421116357347
"549",0.000780634444957292
"550",0.000303708429673325
"551",0.98526933098266
"552",0.243659487960473
"553",0.00881631446872396
"554",0.0357778900449159
"555",0.0328501051693658
"556",0.00703938506793447
"557",0.0220637439987335
"558",0.00261615559197898
"559",0.0287009168910828
"560",0.000471812208713153
"561",0.00751969615906994
"562",0.0151381757997712
"563",0.000930646472781324
"564",0.000359550130549118
"565",0.000243368749255014
"566",0.00524562006118862
"567",0.000944421823858576
"568",0.00180753463280105
"569",0.00114852759207442
"570",0.0237664677391839
"571",0.000564335047318108
"572",0.00412459767409857
"573",0.000529189018766626
"574",0.000470957514994969
"575",0.0016801341290591
"576",0.012358538631497
"577",0.0016801341290591
"578",0.96397319326047
"579",0.980915276636358
"580",0.499999984731113
"581",0.500000008335434
"582",0.000110827749158405
"583",0.00040640326699638
"584",0.000491220664804757
"585",0.0192638734444881
"586",0.000104377149854013
"587",0.000705358076266431
"588",0.005047015765754
"589",0.0699499555962678
"590",0.000179396552153372
"591",0.0111981053847425
"592",0.99028732767849
"593",0.00763504533223396
"594",0.982996413761718
"595",0.499999991667952
"596",0.00264003818663117
"597",0.0115000287874194
"598",0.000624943168153602
"599",0.00688425854945258
"600",0.0212739837565315
"601",8.84641761332817e-05
"602",0.000364794959313267
"603",0.0154539024651715
"604",0.0273358567088672
"605",0.00112356106006842
"606",0.00176576065644299
"607",0.000581206401544285
"608",0.00198437866044596
"609",0.499999963521554
"610",0.00154833845211031
"611",0.000231975303366628
"612",0.000718972045121471
"613",0.000715725992470791
"614",0.00810943991197711
"615",0.0029992147510194
"616",0.0292615586095221
"617",0.00106038608779014
"618",0.976027526576254
"619",0.0101922101316851
"620",0.0101389996365698
"621",0.988702916897603
"622",0.438888269807214
"623",0.00548245997468092
"624",0.0154248245484043
"625",0.976736414274365
"626",0.499999965255526
"627",0.217727073188984
"628",5.46367384028588e-05
"629",0.00023614975438787
"630",0.00157404591693319
"631",0.00831988773099313
"632",0.00131982226179359
"633",0.00215756783499669
"634",8.28990269295984e-05
"635",0.00201395158970205
"636",0.0104040052154867
"637",0.00158788993065622
"638",0.0032281755746449
"639",0.499999943136996
"640",0.000223083367209879
"641",0.00182354933283324
"642",0.00129030153662619
"643",0.00102587421099236
"644",8.31305931493795e-05
"645",3.08831593598873e-05
"646",0.000397745385319597
"647",0.00112366806632761
"648",0.00969237228552413
"649",0.00434201568189449
"650",0.00920984336019153
"651",3.30056907064885e-05
"652",0.000139674074638516
"653",0.000146584566721441
"654",8.29943161273865e-05
"655",0.00218069368171549
"656",0.000189014035130288
"657",0.500000072077643
"658",0.984204195054355
"659",0.500000040097874
"660",0.00181505536578936
"661",0.0362535000562564
"662",0.00168748297039031
"663",0.000718282411015787
"664",0.000240732193985787
"665",0.0289343734475364
"666",0.0267715355658254
"667",0.00343395926737221
"668",0.0305832160620862
"669",0.0173669715917198
"670",0.0383827824968031
"671",0.00218425827708509
"672",0.000149167612881924
"673",0.000353788782783132
"674",0.0352163996628253
"675",0.0139496295257367
"676",0.000169096750849461
"677",0.0164820110956206
"678",0.0111315327365631
"679",0.000250343819057156
"680",0.0402845893899308
"681",0.00032670257184298
"682",0.00730764525800497
"683",0.016464563479413
"684",0.00243402468007319
"685",0.0175018730577749
"686",0.00323518355799072
"687",0.0141654646255977
"688",0.0658450793433316
"689",0.0341969979817
"690",0.0316675727624684
"691",0.00164281849541504
"692",0.000301180972031198
"693",0.000472455046945106
"694",0.000154977283198155
"695",0.00116774930545446
"696",0.0103568447874277
"697",0.0128511104401134
"698",0.000359703801545668
"699",0.000238183527108754
"700",0.00112685939416065
"701",0.000426953256408665
"702",0.0175535403000063
"703",0.022459624092833
"704",0.000332865681342016
"705",0.00845577099003878
"706",0.000471085508349283
"707",0.00362068882242346
"708",0.000622241987552659
"709",0.0286249965176839
"710",0.00167160830044817
"711",0.0007146029284795
"712",0.000976792112924662
"713",0.0635898876890204
"714",0.00121302457959846
"715",0.00114864250922675
"716",0.000452091969884521
"717",0.00170170905353026
"718",0.0775048898276827
"719",0.499999965255526
"720",0.499999984731113
"721",0.500000000003339
"722",0.984079609199775
"723",0.964913416735635
"724",0.000140765477483048
"725",0.129883599769167
"726",0.000563273989341407
"727",0.500000016668571
"728",0.973314282277085
"729",0.976537702464693
"730",0.500000040097874
"731",0.49999991007907
"732",0.499999965255526
"733",0.985717021664417
"734",0.00124023338677372
"735",0.00153871781926962
"736",0.00164004072554962
"737",0.0424530515398086
"738",0.00887114020245758
"739",0.00067164563858802
"740",0.00139889973412189
"741",0.0139600342239259
"742",0.977910499381748
"743",0.0422348959819844
"744",0.0493734025555531
"745",0.00123574790062333
"746",0.00343143870831537
"747",0.00942409813365551
"748",0.00162082058626177
"749",0.0033166034459138
"750",0.00138335907033245
"751",0.00260016573306252
"752",0.00307233553129665
"753",0.146671660843291
"754",0.0928919303909728
"755",0.0023226218539625
"756",0.00086344843182687
"757",0.00318227018162619
"758",0.0007406529077884
"759",0.00311544114479137
"760",0.000917533077245017
"761",0.00074121153512035
"762",0.00265692187900094
"763",0.00187215799451778
"764",0.0468810227055137
"765",0.00984888149268235
"766",0.0894200510992276
"767",0.118930385786085
"768",0.0163454198062788
"769",0.00163678166338281
"770",0.0856162515689863
"771",0.985990886758015
"772",0.985948083755019
"773",0.27960008655954
"774",0.105442348822818
"775",0.0559473059512081
"776",0.000239883576426692
"777",0.00170679465785899
"778",0.000131513167733339
"779",0.000132381763472824
"780",0.00699217752778141
"781",0.000441380411999138
"782",0.000620329129697325
"783",0.000106113411245084
"784",0.0016424598159378
"785",5.13722627467403e-05
"786",0.000428105666791914
"787",0.000417437134573818
"788",0.000601681061347227
"789",0.0412556501794616
"790",0.0125714136988705
"791",0.00114950747870729
"792",0.000571916444637365
"793",0.00721031010610884
"794",0.000512138931952546
"795",0.0120534966840506
"796",0.00152259502913643
"797",0.000782954624385226
"798",0.0065926741049884
"799",0.0115250547906872
"800",0.0129114224342042
"801",0.00365686700081435
"802",0.00105152219550559
"803",0.000535297523607603
"804",0.000179466161888838
"805",0.000160542310689644
"806",0.000147766077747365
"807",0.000496801080680748
"808",0.000394896869013273
"809",0.0254413876208358
"810",0.000397282034228596
"811",0.000781472917081705
"812",0.00404360472439934
"813",6.68381912176043e-05
"814",0.157117385349004
"815",0.000400208786234793
"816",0.00948121161479987
"817",0.000137643883797338
"818",0.000423384616247667
"819",0.00044392558932334
"820",4.3044239387475e-05
"821",5.73335839494699e-05
"822",5.8505525053441e-05
"823",0.00381877783774346
"824",0.000138424606303853
"825",0.00170469409598882
"826",0.000315900968596212
"827",0.00327974657340029
"828",0.000197887752410063
"829",8.12753081476034e-05
"830",0.000123716481406777
"831",0.000449623334400927
"832",0.000632448066987106
"833",0.00451673552660987
"834",0.500000000001474
"835",0.0131320671971831
"836",0.499999984731113
"837",0.985494815872364
"838",0.500000040097874
"839",0.000556162563152426
"840",0.00655812496065121
"841",0.00197983389242253
"842",0.00627363504284709
"843",0.00325863556014888
"844",0.000230268446064095
"845",1.1855061499874e-05
"846",6.92807381080658e-05
"847",0.000397642224681019
"848",0.00376400361607068
"849",2.7463687879766e-05
"850",0.00249591578867463
"851",0.000269738841953176
"852",0.00123376695626136
"853",0.000636094012877001
"854",0.000273192361454061
"855",5.26944941888376e-05
"856",0.000246867080107212
"857",0.000143382829455599
"858",0.00159024678470465
"859",0.00224334816320718
"860",0.00879968973372926
"861",2.07857913457837e-05
"862",0.00103712852679743
"863",0.00387479333117235
"864",0.0034174402148699
"865",1.74634943090145e-05
"866",0.000120326772112259
"867",8.43701478553282e-05
"868",0.000886667434101536
"869",0.180286471837036
"870",0.246892002058423
"871",0.985827961893005
"872",0.0148391989537734
"873",0.499999991667576
"874",0.50000006108103
"875",0.981337120943507
"876",0.499999999997727
"877",0.499999943136996
"878",0.500000000001082
"879",0.499999999997727
"880",0.500000008335434
"881",0.499999991666228
"882",0.49999991007907
"883",0.937874143813421
"884",0.0221771803767167
"885",0.0221771934019865
"886",0.500000040097874
"887",0.499999984731113
"888",0.499999984731113
"889",0.0326951781107014
"890",0.0205196724234545
"891",0.000554837435306197
"892",0.0322290508079138
"893",0.970732298966075
"894",0.0029413138250554
"895",0.0317422474264766
"896",0.00459241465480433
"897",0.0766275402896078
"898",0.00115601582882192
"899",0.0194408732930545
"900",0.0539205826080889
"901",0.0200999162896958
"902",0.00183734978469335
"903",0.00055931370832321
"904",0.0330370761452003
"905",0.987211964516713
"906",0.0216371301526219
"907",0.00451916784655309
"908",0.0343839551517851
"909",0.0592293698834874
"910",0.0846966341831829
"911",0.0134424261073461
"912",0.0218097689706589
"913",0.383522102620876
"914",0.00349193945577196
"915",0.000380218726848591
"916",0.000734598923753775
"917",0.00171839894182653
"918",0.000280118642344315
"919",0.0794187935218906
"920",0.0794188058663703
"921",0.00050656542103341
"922",0.499999965255526
"923",0.499999984731113
"924",0.985046839091073
"925",0.00226329035037578
"926",0.222160723941679
"927",0.0143355560337965
"928",0.000124780502162263
"929",0.00474947285350546
"930",0.00178596809449091
"931",0.000133805241725399
"932",0.00142828927054345
"933",0.000335969933158171
"934",0.0005159167016474
"935",0.000600469353943148
"936",0.000169947725808198
"937",0.00872760556954134
"938",0.0837705925159343
"939",0.0272725568068941
"940",0.00185978080818312
"941",0.0190149904727682
"942",0.499999943136996
"943",0.00075297956028468
"944",0.00075297956028468
"945",0.00114257582020751
"946",0.237082650580653
"947",0.225792324467243
"948",0.00836659449088573
"949",0.500000040097874
"950",0.0354298198085664
"951",0.046865733667307
"952",0.0667772541026511
"953",0.000332687770246122
"954",0.00550985175576955
"955",0.000358067785784967
"956",0.000445476110934989
"957",0.0013910479105992
"958",0.000877311498941314
"959",0.00917764041240758
"960",0.00917764640316724
"961",0.000375809433246087
"962",7.30275141540701e-05
"963",0.000310675592009696
"964",0.000271268192506474
"965",0.000390916443317771
"966",0.00157123816851867
"967",0.000428464276738228
"968",0.00689918204561018
"969",8.18628149568361e-05
"970",0.00394025630015539
"971",0.000799347281530367
"972",0.000132174780524274
"973",0.000786683638245564
"974",0.00081814442937949
"975",0.00391999333461455
"976",0.000215838936213901
"977",0.000534904922140464
"978",0.000113620638337974
"979",0.00546912919675032
"980",0.0087092794541167
"981",0.499999999997727
"982",0.499999943136996
