HG00096	HG00103	HG00106	HG00111	HG00116	HG00126	HG00132	HG00149	HG00150	HG00176	geneID
0	0	0	0	0	0	0	0	0	0	ENSG00000141956.13_3
0	0	0	0	0	0	0	0	0	0	ENSG00000141959.16_1
22	6	30	6	7	13	16	16	9	10	ENSG00000142149.8_3
19	4	17	14	11	21	4	40	13	19	ENSG00000142156.14_2
0	0	0	0	0	0	0	0	0	0	ENSG00000142166.12_3
0	0	0	0	0	0	0	0	0	0	ENSG00000142168.14_2
0	0	0	0	0	0	0	0	0	0	ENSG00000142173.14_3
0	0	0	0	0	0	0	0	0	0	ENSG00000142178.8_3
0	0	0	0	0	0	0	0	0	0	ENSG00000142182.8_3
0	6	2	3	2	1	0	6	3	0	ENSG00000142185.16_5
0	0	0	0	0	0	0	0	0	0	ENSG00000142188.16_3
2604	1864	2765	3701	2060	3129	1861	1958	2375	2996	ENSG00000142192.20_5
0	0	0	0	1	0	0	0	0	0	ENSG00000142197.12_4
1113	669	1048	1328	1662	1791	2114	1864	1291	1040	ENSG00000142207.6_2
0	0	0	0	0	0	0	0	0	0	ENSG00000154639.18_2
805	1029	845	877	635	763	1146	553	1018	979	ENSG00000154640.14_3
0	0	0	0	0	0	0	0	0	0	ENSG00000154642.10_4
1	7	13	13	4	5	15	5	14	19	ENSG00000154645.13_3
0	0	0	0	0	0	0	0	0	0	ENSG00000154646.8_3
0	0	0	0	0	0	0	0	0	0	ENSG00000154654.14_3
0	0	0	0	0	0	0	0	0	0	ENSG00000154719.13_4
0	0	0	0	0	0	0	0	0	0	ENSG00000154721.14_5
0	0	0	0	0	0	0	0	0	0	ENSG00000154723.12_4
0	0	0	0	0	0	0	0	0	0	ENSG00000154727.10_2
0	0	0	0	0	0	0	0	0	0	ENSG00000154734.14_5
0	0	0	0	0	0	0	0	0	0	ENSG00000154736.5_3
1243	1108	964	815	1220	1117	1894	1204	1149	1848	ENSG00000155304.5_2
0	0	0	0	0	0	0	0	0	0	ENSG00000155307.18_3
0	0	0	0	0	0	0	0	0	0	ENSG00000155313.15_3
0	0	0	0	0	0	0	0	0	0	ENSG00000156239.11_3
0	0	0	0	0	0	0	0	0	0	ENSG00000156253.6_2
0	0	0	0	0	0	0	0	0	0	ENSG00000156256.14_3
0	0	0	0	0	0	0	0	0	0	ENSG00000156261.12_4
0	0	0	0	0	0	0	0	0	0	ENSG00000156265.15_2
0	0	0	0	0	0	0	0	1	0	ENSG00000156273.15_5
0	0	0	0	0	0	0	0	0	0	ENSG00000156282.4_2
0	0	0	0	0	0	0	0	0	0	ENSG00000156284.5_2
0	0	0	0	0	0	0	0	0	0	ENSG00000156299.13_3
0	0	0	0	0	0	0	0	0	0	ENSG00000156304.14_3
1862	1819	1948	1722	1822	2327	2128	1946	1672	1761	ENSG00000157538.13_3
0	0	0	0	0	0	0	0	0	0	ENSG00000157540.20_4
0	0	0	0	0	0	0	0	0	0	ENSG00000157542.10_4
10	15	35	16	5	16	12	4	7	20	ENSG00000157551.18_5
0	0	0	0	0	0	0	0	0	0	ENSG00000157554.18_3
132	154	148	162	120	142	247	236	115	133	ENSG00000157557.11_3
1	1	3	0	0	0	0	0	0	0	ENSG00000157578.13_2
0	0	0	0	0	0	0	0	0	0	ENSG00000157601.13_3
0	0	0	0	0	0	0	0	0	0	ENSG00000157617.16_3
0	0	0	0	0	0	0	0	0	0	ENSG00000159055.3_2
0	0	0	0	0	0	0	0	0	0	ENSG00000159079.18_5
0	0	0	0	0	0	0	0	0	0	ENSG00000159082.17_3
0	0	0	0	0	0	0	0	0	0	ENSG00000159086.14_2
2168	2076	1770	2129	2470	2381	3042	2263	2517	2324	ENSG00000159110.19_3
0	0	0	0	0	0	0	0	0	0	ENSG00000159128.14_3
0	0	0	0	0	0	0	0	0	0	ENSG00000159131.16_4
0	0	0	0	0	0	0	0	0	0	ENSG00000159140.19_5
0	0	0	0	0	0	0	0	0	0	ENSG00000159147.17_5
0	0	0	0	0	0	0	0	0	0	ENSG00000159197.3_2
0	0	0	0	0	0	0	0	0	0	ENSG00000159200.17_2
485	211	646	693	182	440	522	1109	1367	278	ENSG00000159212.12_2
0	0	0	0	0	0	0	0	0	0	ENSG00000159216.18_4
0	0	0	0	0	0	0	0	0	0	ENSG00000159228.12_2
0	0	0	0	0	0	0	0	0	0	ENSG00000159231.5_2
0	0	0	0	0	0	0	0	0	0	ENSG00000159256.12_4
0	0	0	0	0	0	0	0	0	0	ENSG00000159259.7_3
107	65	106	42	28	60	33	59	91	109	ENSG00000159261.10_4
0	0	0	0	0	0	0	0	0	0	ENSG00000159263.15_2
371	300	443	453	339	577	514	471	493	353	ENSG00000159267.14_3
208	155	164	220	252	140	150	250	173	276	ENSG00000160179.18_5
0	0	0	0	0	0	0	0	0	0	ENSG00000160180.15_3
0	0	0	0	0	0	0	0	0	0	ENSG00000160181.8_2
0	0	0	0	0	0	0	0	0	0	ENSG00000160182.2_2
0	0	0	0	0	0	0	0	0	0	ENSG00000160183.14_4
0	0	0	0	0	0	0	0	0	0	ENSG00000160185.14_2
0	0	0	0	0	0	0	0	0	0	ENSG00000160188.9_2
0	0	2	0	1	0	1	1	0	0	ENSG00000160190.13_5
0	0	0	0	0	0	0	0	0	0	ENSG00000160191.17_3
0	0	0	0	0	0	0	0	0	0	ENSG00000160193.11_2
0	0	0	0	0	0	0	0	0	0	ENSG00000160194.17_2
313	253	334	419	345	425	556	318	471	318	ENSG00000160199.14_3
0	0	0	0	0	0	0	0	0	0	ENSG00000160200.17_2
2717	2627	2827	4951	2734	3371	4416	2595	3843	2255	ENSG00000160201.11_3
0	0	0	0	0	0	0	0	0	0	ENSG00000160202.7_2
13	3	18	4	5	3	3	7	4	1	ENSG00000160207.8_3
0	0	0	0	0	0	0	0	0	0	ENSG00000160208.12_2
0	0	0	0	0	0	0	0	0	0	ENSG00000160209.18_2
0	0	0	0	0	0	0	0	0	0	ENSG00000160213.7_3
1277	1118	1180	2024	1329	1332	1657	1156	1517	983	ENSG00000160214.12_2
0	0	0	0	0	0	0	0	0	0	ENSG00000160216.18_3
0	0	0	0	0	0	0	0	0	0	ENSG00000160218.12_2
2125	2544	2556	3183	2368	2657	2612	2391	2906	2013	ENSG00000160221.17_5
0	0	0	0	0	0	0	0	0	0	ENSG00000160223.17_3
0	0	0	0	0	0	0	0	0	0	ENSG00000160224.16_2
62	36	46	46	30	60	14	70	62	23	ENSG00000160226.15_4
0	0	0	0	0	0	0	0	0	0	ENSG00000160233.7_2
0	0	0	0	0	0	0	0	0	0	ENSG00000160255.17_5
0	0	0	0	0	0	0	0	0	0	ENSG00000160256.12_3
0	0	0	0	0	0	0	0	0	0	ENSG00000160282.13_2
319	282	261	132	133	410	134	327	224	178	ENSG00000160284.14_2
11	42	16	21	16	9	17	18	10	5	ENSG00000160285.14_2
658	801	753	1169	688	842	1005	612	754	725	ENSG00000160294.10_3
0	0	0	0	0	0	0	0	0	0	ENSG00000160298.17_6
0	0	0	0	0	0	0	0	0	0	ENSG00000160299.16_3
0	0	0	0	0	0	0	0	0	0	ENSG00000160305.17_4
0	0	1	0	0	0	0	1	0	0	ENSG00000160307.9_2
845	917	1103	1207	1016	1468	1154	1019	981	856	ENSG00000160310.17_2
0	1	0	1	0	4	3	1	1	0	ENSG00000166157.12
0	0	1	0	0	0	0	0	0	0	ENSG00000166265.11_2
0	0	0	0	0	0	0	0	0	0	ENSG00000166351.10_3
1	0	0	0	0	0	0	0	1	0	ENSG00000166979.12_3
0	0	1	0	0	1	0	1	0	0	ENSG00000168122.4_2
16	13	26	38	24	8	43	14	22	23	ENSG00000170262.12_3
0	0	0	0	0	0	0	0	0	0	ENSG00000171189.17_4
0	0	0	0	0	0	0	0	0	0	ENSG00000171587.14_3
9	5	9	15	6	15	21	9	9	11	ENSG00000173231.6_4
0	0	0	0	0	0	0	0	0	0	ENSG00000173276.13_2
705	432	580	858	475	954	490	977	825	428	ENSG00000173638.18_4
0	0	0	0	0	0	0	0	0	0	ENSG00000174680.9_5
0	0	0	0	0	0	0	0	0	0	ENSG00000175302.5_4
0	1	1	0	0	4	0	0	1	1	ENSG00000175894.16_5
0	0	0	0	0	0	0	0	0	0	ENSG00000176054.6_2
0	0	0	0	0	0	0	0	0	0	ENSG00000177398.18_3
0	0	0	0	0	0	0	0	0	0	ENSG00000177692.11_2
0	0	0	0	0	0	0	0	0	0	ENSG00000178457.3_2
0	0	0	0	0	0	0	0	0	0	ENSG00000179381.8_3
0	0	1	1	0	0	0	0	0	0	ENSG00000180509.11_4
82	92	109	136	42	104	106	76	91	80	ENSG00000180530.10_3
129	71	139	169	150	104	201	148	160	112	ENSG00000182093.15_3
0	0	0	0	0	0	0	0	0	0	ENSG00000182240.15_3
0	0	0	0	0	0	0	0	0	0	ENSG00000182362.13_2
17	29	20	41	15	22	24	12	23	24	ENSG00000182586.8_2
0	0	0	0	0	0	0	0	0	0	ENSG00000182591.5_2
0	0	0	0	0	0	0	0	0	0	ENSG00000182670.13_3
0	0	0	0	0	0	0	0	0	0	ENSG00000182816.8_3
62	77	43	94	33	48	39	72	58	40	ENSG00000182871.14_3
1	1	2	2	0	2	1	6	3	2	ENSG00000182912.6_4
0	0	0	0	0	0	0	0	0	0	ENSG00000183036.10_2
0	0	0	0	0	0	0	0	0	0	ENSG00000183067.5_2
0	0	0	0	0	0	0	0	0	0	ENSG00000183145.8_2
0	0	0	0	0	0	0	0	0	0	ENSG00000183249.8_2
0	0	0	0	0	0	0	0	0	0	ENSG00000183250.11_4
0	0	0	0	0	0	0	0	0	0	ENSG00000183255.11_3
2	2	10	1	1	0	2	1	0	0	ENSG00000183421.11_2
0	0	0	0	0	0	0	0	0	0	ENSG00000183486.12_3
0	0	0	0	0	0	0	0	0	0	ENSG00000183527.11_2
0	0	0	0	0	0	0	0	0	0	ENSG00000183535.9_4
4	17	5	23	27	49	3	29	2	53	ENSG00000183570.16_4
0	0	0	0	0	0	0	0	0	0	ENSG00000183640.5_2
0	0	0	0	0	0	0	0	0	0	ENSG00000183653.4
0	1	0	2	0	1	2	0	0	0	ENSG00000183778.17_4
0	0	0	0	0	0	0	0	0	0	ENSG00000183844.16_4
0	0	0	0	0	0	0	0	0	0	ENSG00000184012.11_4
0	0	0	0	0	0	0	0	0	0	ENSG00000184029.9_4
0	0	0	0	0	0	0	0	0	0	ENSG00000184032.2_2
0	6	4	3	2	4	1	0	7	2	ENSG00000184221.12_4
0	0	0	0	0	0	0	0	0	0	ENSG00000184274.3_4
0	0	0	0	0	0	0	0	0	0	ENSG00000184351.7_2
0	1	2	2	4	3	1	0	1	1	ENSG00000184385.2_4
53	34	37	36	25	55	8	59	52	20	ENSG00000184441.4_5
0	0	0	0	0	0	0	0	0	0	ENSG00000184724.5_2
0	0	0	0	0	0	0	0	0	0	ENSG00000184787.18_2
0	0	0	0	0	0	0	0	0	0	ENSG00000184809.12_4
0	0	0	0	0	0	0	0	0	0	ENSG00000184856.6_4
0	0	0	0	0	0	0	0	0	0	ENSG00000184900.15_2
0	0	0	0	0	0	0	0	0	0	ENSG00000185186.8_3
0	0	0	0	0	0	0	0	0	0	ENSG00000185272.13_2
0	0	0	0	0	0	0	0	0	0	ENSG00000185390.2_2
0	0	0	0	0	0	0	0	0	0	ENSG00000185433.8_3
27	36	26	36	29	27	37	23	21	29	ENSG00000185437.13_4
19	33	28	27	6	23	19	13	27	8	ENSG00000185658.13_4
297	351	437	344	244	321	337	276	340	304	ENSG00000185808.13_2
3	1	7	7	4	1	10	1	3	4	ENSG00000185917.13_4
0	0	0	0	0	0	0	0	0	0	ENSG00000186842.4_5
411	400	345	435	367	405	398	448	328	385	ENSG00000186866.16_2
0	0	0	0	0	0	0	0	0	0	ENSG00000186924.3_2
0	0	0	0	0	0	0	0	0	0	ENSG00000186925.6_2
0	0	0	0	0	0	0	0	0	0	ENSG00000186930.4_2
0	0	0	0	0	0	0	0	0	0	ENSG00000186965.4_2
0	0	0	0	0	0	0	0	0	0	ENSG00000186967.6_2
0	0	0	0	0	0	0	0	0	0	ENSG00000186970.4_2
0	0	0	0	0	0	0	0	0	0	ENSG00000186971.3_2
0	0	0	0	0	0	0	0	0	0	ENSG00000186977.2_2
0	0	0	0	0	0	0	0	0	0	ENSG00000186980.6_2
0	0	0	0	0	0	0	0	0	0	ENSG00000187005.4_2
0	0	0	0	0	0	0	0	0	0	ENSG00000187026.2_2
0	1	0	1	0	4	3	1	1	0	ENSG00000187172.15_4
0	0	0	0	0	0	0	0	0	0	ENSG00000187175.5_3
0	0	0	0	0	0	0	0	0	0	ENSG00000187766.1_2
0	0	0	0	0	0	0	0	0	0	ENSG00000188155.11_3
1	0	0	0	0	0	0	0	0	0	ENSG00000188660.3_4
379	159	305	208	203	187	173	189	110	117	ENSG00000188681.11_2
0	0	0	0	0	0	0	0	0	0	ENSG00000188694.5_2
0	0	0	0	0	0	0	0	0	0	ENSG00000188992.11_3
0	0	0	0	0	0	0	0	0	0	ENSG00000189089.5_4
0	0	0	0	0	0	0	0	0	0	ENSG00000189169.7_2
0	0	0	0	0	0	0	0	0	0	ENSG00000197381.15_3
0	0	0	0	0	0	0	0	0	0	ENSG00000197683.4_2
0	0	0	0	0	0	0	0	0	0	ENSG00000197934.8_6
0	0	0	0	0	0	0	0	0	0	ENSG00000198054.12_4
0	0	0	0	0	0	0	0	0	0	ENSG00000198390.4_2
0	0	0	0	0	0	0	0	0	0	ENSG00000198434.1
0	0	0	0	0	0	0	0	0	0	ENSG00000198618.5_4
2534	1936	2467	2268	1721	2757	3833	2672	2752	2475	ENSG00000198743.6_3
0	0	0	0	0	0	0	0	0	0	ENSG00000198862.13_4
0	0	0	0	0	0	0	0	0	0	ENSG00000199030.1
0	0	0	0	0	0	0	0	0	0	ENSG00000199598.1
0	0	0	0	0	0	0	0	0	0	ENSG00000199698.1
0	0	0	0	0	0	0	0	0	0	ENSG00000199806.1
0	0	0	0	0	0	0	0	0	0	ENSG00000199962.1
0	0	0	0	0	0	0	0	0	0	ENSG00000200213.1
0	0	0	0	0	0	0	0	0	0	ENSG00000200754.1
0	0	0	0	0	0	0	0	0	0	ENSG00000200792.1
0	0	0	0	0	0	0	0	0	0	ENSG00000201025.1
0	0	0	0	0	0	0	0	0	0	ENSG00000201812.1
0	0	0	0	0	0	0	0	0	0	ENSG00000201984.1
0	0	0	0	0	0	0	0	0	0	ENSG00000202239.1
0	0	0	0	0	0	0	0	0	0	ENSG00000202339.1
4	4	9	2	10	11	16	7	5	11	ENSG00000203616.2_4
0	0	0	0	0	0	0	0	0	0	ENSG00000205424.1_4
0	0	0	0	0	0	0	0	0	0	ENSG00000205439.10_2
0	0	0	0	0	0	0	0	0	0	ENSG00000205445.3_3
0	9	5	11	11	0	14	3	15	8	ENSG00000205581.10_3
1	0	0	0	0	1	1	2	0	1	ENSG00000205622.9_6
0	1	0	0	0	0	0	0	0	0	ENSG00000205670.10_3
28	26	37	35	41	43	51	62	33	33	ENSG00000205726.14_4
0	0	0	0	0	0	0	0	0	0	ENSG00000205758.11_4
0	0	0	0	0	0	0	0	0	0	ENSG00000205927.4_3
0	0	0	0	0	0	0	0	0	0	ENSG00000205929.10_3
0	0	0	0	0	0	0	0	0	0	ENSG00000205930.8_6
0	0	0	0	0	0	0	0	0	0	ENSG00000206102.2_2
0	0	0	0	0	0	0	0	0	0	ENSG00000206104.2_2
0	0	0	0	0	0	0	0	0	0	ENSG00000206105.2_2
0	0	0	0	0	0	0	0	0	0	ENSG00000206106.2_2
0	0	0	0	0	0	0	0	0	0	ENSG00000206107.2_2
0	0	0	0	0	0	0	0	0	0	ENSG00000206802.1
0	0	0	0	0	0	0	0	0	0	ENSG00000207097.1
0	0	0	0	0	0	0	0	0	0	ENSG00000207098.1
0	0	0	0	0	0	0	0	0	0	ENSG00000207147.1
0	0	0	0	0	0	0	0	0	0	ENSG00000207416.1
0	0	0	0	0	0	0	0	0	0	ENSG00000207476.1
0	0	0	0	0	0	0	0	0	0	ENSG00000207503.1
0	0	0	0	0	0	0	0	0	0	ENSG00000207638.1
0	0	0	0	0	0	0	0	0	0	ENSG00000207863.1
0	0	0	0	0	0	0	0	0	0	ENSG00000211590.1
0	0	0	0	0	0	0	0	0	0	ENSG00000212136.1
0	0	0	0	0	0	0	0	0	0	ENSG00000212479.1
0	0	0	0	0	0	0	0	0	0	ENSG00000212564.1
0	0	0	0	0	0	0	0	0	0	ENSG00000212609.1
25	16	25	42	42	13	30	21	22	20	ENSG00000212932.3_2
0	0	0	0	0	0	0	0	0	0	ENSG00000212933.1_3
0	0	0	0	0	0	0	0	0	0	ENSG00000212935.1_3
0	0	0	0	0	0	0	0	0	0	ENSG00000212938.3_2
0	0	0	0	0	0	0	0	0	0	ENSG00000213440.2_4
0	0	0	0	0	0	0	0	0	0	ENSG00000213885.3_4
0	1	0	0	0	0	0	1	0	0	ENSG00000214319.2_4
1	1	1	2	1	2	0	1	0	0	ENSG00000214326.2_2
0	0	0	0	0	0	0	0	0	0	ENSG00000214867.3_4
0	0	0	0	0	0	0	0	0	0	ENSG00000214889.3_2
12	25	23	19	18	7	25	9	27	16	ENSG00000214914.3_2
0	0	0	0	0	0	0	0	0	0	ENSG00000214955.5_6
0	0	0	0	0	0	0	0	0	0	ENSG00000214976.2_4
46	50	107	134	110	85	215	54	168	68	ENSG00000215005.2_4
0	0	0	0	0	0	0	0	0	0	ENSG00000215088.3_4
0	0	0	0	0	0	0	0	0	0	ENSG00000215317.2_4
57	29	36	36	15	47	8	68	35	16	ENSG00000215326.3_4
0	0	0	0	0	0	1	0	0	0	ENSG00000215351.3_4
0	0	0	0	0	0	0	0	0	0	ENSG00000215353.2_4
0	0	0	0	0	0	0	0	0	0	ENSG00000215369.3_2
0	0	0	0	0	0	0	0	0	0	ENSG00000215386.12_4
530	689	623	901	509	599	770	518	655	527	ENSG00000215424.9_6
0	0	0	0	0	0	0	0	0	0	ENSG00000215454.6_3
0	0	0	0	0	0	0	0	0	0	ENSG00000215455.4_3
31	18	30	13	2	19	2	18	4	25	ENSG00000215458.8_5
0	0	0	0	0	0	0	0	1	0	ENSG00000215533.8_3
0	0	0	0	0	0	0	0	0	0	ENSG00000215559.8_4
0	0	0	0	0	0	0	0	0	0	ENSG00000215562.2_4
0	0	0	0	0	0	0	0	0	0	ENSG00000215734.3_2
0	0	0	0	0	0	0	0	0	0	ENSG00000216197.1
448	639	645	605	801	341	717	659	516	373	ENSG00000217026.3_2
0	0	0	0	0	0	0	0	0	0	ENSG00000218125.1_5
0	0	0	0	0	0	0	0	0	0	ENSG00000218549.2_3
0	0	0	0	0	0	0	0	0	0	ENSG00000219280.1_2
0	0	0	0	0	0	0	0	0	0	ENSG00000219368.3_2
0	0	0	0	0	0	0	0	0	0	ENSG00000219592.2_4
0	0	0	0	0	0	0	0	0	0	ENSG00000221041.2
0	0	0	0	0	0	0	0	0	0	ENSG00000221210.1
0	0	0	0	0	0	0	0	0	0	ENSG00000221335.1
0	0	0	0	0	0	0	0	0	0	ENSG00000221396.2
0	0	0	0	0	0	0	0	0	0	ENSG00000221398.1
0	0	0	0	0	0	0	0	0	0	ENSG00000221497.1
0	0	0	0	0	0	0	0	0	0	ENSG00000221837.5_3
0	0	0	0	0	0	0	0	0	0	ENSG00000221859.2_2
0	0	0	0	0	0	0	0	0	0	ENSG00000221864.4_3
3	6	1	2	5	4	8	12	6	5	ENSG00000222018.1_3
7	9	4	8	3	9	2	1	2	7	ENSG00000222042.1_5
0	0	0	0	0	0	0	0	0	0	ENSG00000223078.1
0	0	0	0	0	0	0	0	0	0	ENSG00000223262.1
0	0	0	0	0	0	0	0	0	0	ENSG00000223287.1
0	0	0	0	0	0	0	0	0	0	ENSG00000223400.1_2
0	0	0	0	0	0	0	0	0	0	ENSG00000223431.1_4
0	0	0	0	0	0	0	0	0	0	ENSG00000223488.2_3
0	0	0	0	0	0	0	0	0	0	ENSG00000223563.1_5
0	0	0	0	0	0	0	0	0	0	ENSG00000223608.1_5
0	0	0	0	0	0	0	0	0	0	ENSG00000223662.1_5
0	0	0	0	1	0	0	0	1	0	ENSG00000223671.2_2
0	0	0	0	0	0	0	0	0	0	ENSG00000223692.1_5
10	13	18	8	14	17	8	4	10	9	ENSG00000223741.1_4
148	102	142	185	105	162	161	166	135	116	ENSG00000223768.2_3
833	836	649	1019	986	797	1254	742	1124	883	ENSG00000223799.1_5
0	0	0	0	0	0	0	0	0	0	ENSG00000223806.7_4
0	0	0	0	0	0	0	0	0	0	ENSG00000223822.2_4
0	0	0	0	0	0	0	0	0	0	ENSG00000223870.1_5
0	0	0	0	0	0	0	0	0	0	ENSG00000223901.2_5
0	0	0	0	0	0	0	0	0	0	ENSG00000223975.1_5
0	0	0	0	0	0	0	0	0	0	ENSG00000224018.1_5
0	0	0	0	0	0	0	0	0	0	ENSG00000224100.1_5
0	0	0	0	0	0	0	0	0	0	ENSG00000224141.5_4
0	0	0	0	0	0	0	0	0	0	ENSG00000224247.1_5
0	0	0	0	0	0	0	0	0	0	ENSG00000224269.1_5
0	0	0	0	0	0	0	0	0	0	ENSG00000224309.7_2
0	0	0	0	0	0	0	0	0	0	ENSG00000224388.1_6
0	0	0	0	0	0	0	0	0	0	ENSG00000224413.1_5
0	0	0	0	0	0	0	0	0	0	ENSG00000224421.1_3
4	1	2	5	1	2	8	4	1	1	ENSG00000224427.1_2
0	0	0	0	0	0	0	0	0	0	ENSG00000224524.1_2
0	0	0	0	0	0	0	0	0	0	ENSG00000224541.1_6
0	0	0	0	0	0	0	0	0	0	ENSG00000224574.1_5
11	8	12	12	20	8	14	11	9	5	ENSG00000224598.1_2
0	0	0	0	0	0	0	0	0	0	ENSG00000224602.1_4
0	0	0	0	0	0	0	0	0	0	ENSG00000224649.1_5
0	0	0	0	0	0	0	0	0	0	ENSG00000224747.1_4
1	2	6	3	1	4	4	10	7	1	ENSG00000224790.2_6
0	0	0	0	0	0	0	0	0	0	ENSG00000224832.2_4
0	0	0	0	0	0	0	0	0	0	ENSG00000224860.1_4
0	0	0	0	0	0	0	0	0	0	ENSG00000224905.6_6
0	0	0	0	0	0	0	0	0	0	ENSG00000224922.1_5
0	0	0	0	0	0	0	0	0	0	ENSG00000224924.6_4
0	0	0	0	0	0	0	0	0	0	ENSG00000225043.1_4
0	0	0	0	0	0	0	0	0	0	ENSG00000225218.1_5
192	194	158	259	179	150	180	95	142	127	ENSG00000225267.1_2
0	0	0	0	0	0	0	0	0	0	ENSG00000225298.5_4
0	0	0	0	0	0	0	0	0	0	ENSG00000225330.1_6
0	0	0	0	0	0	0	0	0	0	ENSG00000225331.1_4
0	0	0	0	0	0	0	0	0	0	ENSG00000225431.1_4
0	0	0	0	0	0	0	0	0	0	ENSG00000225502.2_4
0	0	0	0	0	0	0	0	0	0	ENSG00000225555.1_5
0	0	0	0	0	0	0	0	0	0	ENSG00000225637.1_5
1	0	0	0	0	0	0	0	0	0	ENSG00000225731.1_4
0	0	0	0	0	0	0	0	0	0	ENSG00000225735.1_4
0	0	0	0	0	0	0	0	0	0	ENSG00000225906.1_2
0	0	0	0	0	0	0	0	0	0	ENSG00000226012.1_5
0	0	0	0	0	0	0	0	0	0	ENSG00000226043.1_5
0	0	0	0	0	0	0	0	0	0	ENSG00000226054.2_4
0	0	0	0	0	0	0	0	0	0	ENSG00000226115.1_5
0	0	0	0	0	0	0	0	0	0	ENSG00000226204.1_5
0	0	0	0	0	0	0	0	0	0	ENSG00000226298.1_5
0	0	0	0	0	0	0	0	0	0	ENSG00000226406.1_4
0	0	0	0	0	0	0	0	0	0	ENSG00000226433.1_5
0	0	1	0	0	0	0	0	0	0	ENSG00000226496.2_5
0	0	0	0	0	0	0	0	0	0	ENSG00000226501.2_4
0	0	0	0	0	0	0	0	0	0	ENSG00000226527.1_5
0	0	0	0	0	0	0	0	0	0	ENSG00000226543.3_4
0	0	0	0	0	0	0	0	0	0	ENSG00000226580.1_4
0	0	0	0	0	0	0	0	0	0	ENSG00000226751.2_5
0	0	0	0	0	0	0	0	0	0	ENSG00000226771.1_5
0	0	0	0	1	0	0	0	0	0	ENSG00000226818.1_4
0	0	0	0	0	0	0	0	0	0	ENSG00000226930.1_2
0	0	0	0	0	0	0	0	1	0	ENSG00000226935.6_4
0	0	0	0	0	0	0	0	0	0	ENSG00000226956.1_5
0	0	0	0	0	0	0	0	0	0	ENSG00000226983.2_5
0	0	0	0	0	0	0	0	0	0	ENSG00000226996.5_5
0	0	0	0	0	0	0	0	0	0	ENSG00000227039.6_5
0	0	0	0	0	0	0	0	0	0	ENSG00000227054.1_4
0	0	0	0	0	0	0	0	0	0	ENSG00000227075.1_5
0	0	0	0	0	0	0	0	0	0	ENSG00000227090.1_5
0	0	0	0	0	0	0	0	0	0	ENSG00000227256.1_5
0	0	0	0	0	0	0	0	0	0	ENSG00000227330.1_5
0	0	0	0	0	0	0	0	0	0	ENSG00000227342.1_4
0	0	0	0	0	0	0	0	0	0	ENSG00000227406.1_4
0	0	0	0	0	0	0	0	0	0	ENSG00000227438.1_4
0	0	0	0	0	0	0	0	0	0	ENSG00000227456.7_4
0	0	0	0	0	0	0	0	0	0	ENSG00000227698.1_6
0	0	0	0	0	0	0	0	0	0	ENSG00000227702.1_4
0	0	0	0	0	0	0	0	0	0	ENSG00000227716.1_5
0	0	0	0	0	0	0	0	0	0	ENSG00000227721.1_4
0	0	0	0	0	0	0	0	0	0	ENSG00000227757.3_5
0	0	0	0	0	0	0	0	0	0	ENSG00000227840.1_4
0	0	0	0	0	0	0	0	0	0	ENSG00000227874.1_4
0	0	0	0	0	0	0	0	0	0	ENSG00000227999.1_4
0	0	0	0	0	0	0	0	0	0	ENSG00000228107.1_6
0	0	0	0	0	0	0	0	0	0	ENSG00000228120.2_5
0	0	0	0	0	0	0	0	0	0	ENSG00000228137.1_6
106	111	131	180	94	84	141	117	109	76	ENSG00000228149.1_2
0	0	0	0	0	0	0	0	0	0	ENSG00000228159.1_4
0	0	0	0	0	0	0	0	0	0	ENSG00000228184.1_4
0	0	0	0	0	0	0	0	0	0	ENSG00000228235.1_5
0	0	0	0	0	0	0	0	0	0	ENSG00000228314.1_4
0	0	0	0	0	0	0	0	0	0	ENSG00000228318.3_5
0	0	0	0	0	0	0	0	0	0	ENSG00000228349.1_2
0	0	0	0	0	0	0	0	0	0	ENSG00000228355.1_5
5	33	7	17	11	9	11	10	7	4	ENSG00000228404.1_5
0	0	0	0	0	0	0	0	0	0	ENSG00000228433.2_3
0	0	0	0	0	0	0	0	0	0	ENSG00000228592.1_4
0	0	0	0	0	0	0	0	0	0	ENSG00000228600.1_5
0	0	0	0	0	0	0	0	0	0	ENSG00000228677.1_5
0	0	0	0	0	0	0	0	0	0	ENSG00000228708.1_3
0	0	0	0	0	0	0	0	0	0	ENSG00000228709.1_5
0	0	0	0	0	0	0	0	0	0	ENSG00000228817.4_5
0	0	0	0	0	0	0	0	0	0	ENSG00000228861.5_4
0	0	0	0	0	0	0	0	0	0	ENSG00000228930.1_4
0	0	0	0	0	0	0	0	0	0	ENSG00000228941.1_2
0	0	0	0	0	0	0	0	0	0	ENSG00000228961.1_5
24	50	42	85	78	30	84	35	93	43	ENSG00000229007.1_4
0	0	0	0	0	0	0	0	0	0	ENSG00000229025.1_2
0	0	0	0	0	0	0	0	0	0	ENSG00000229046.1_4
53	80	85	96	29	79	68	50	72	65	ENSG00000229047.1_5
0	0	0	0	0	0	0	0	0	0	ENSG00000229086.4_5
0	0	0	0	0	0	0	0	0	0	ENSG00000229231.1_4
0	0	0	0	0	0	0	0	0	0	ENSG00000229289.1_5
0	0	0	0	0	0	0	0	0	0	ENSG00000229306.1_5
2	20	13	8	5	12	6	15	13	11	ENSG00000229336.1_5
0	0	0	0	0	0	0	0	0	0	ENSG00000229356.1_5
0	0	0	0	0	0	0	0	0	0	ENSG00000229382.1_5
0	0	0	0	0	0	0	0	0	0	ENSG00000229425.2_5
0	0	0	0	0	0	0	0	0	0	ENSG00000229623.1_4
0	0	0	0	0	0	0	0	0	0	ENSG00000229761.1_2
0	0	0	0	0	0	0	0	0	0	ENSG00000229880.1_4
0	0	0	0	0	0	0	0	0	0	ENSG00000229925.1_6
0	0	0	0	0	0	0	0	0	0	ENSG00000229962.1_2
0	0	0	0	0	0	0	0	0	0	ENSG00000229986.1_2
0	0	0	0	0	0	0	0	0	0	ENSG00000230061.2_5
0	0	0	1	0	0	2	0	0	2	ENSG00000230198.1_2
0	0	0	0	0	0	0	0	0	0	ENSG00000230212.6_6
0	0	0	0	0	0	0	0	0	0	ENSG00000230233.1_5
0	0	0	0	0	0	0	0	0	0	ENSG00000230323.5_4
0	0	0	0	0	0	0	0	0	0	ENSG00000230366.9_3
0	1	0	0	0	1	1	1	0	0	ENSG00000230379.5_5
7	6	9	6	4	4	7	2	4	4	ENSG00000230479.1_6
0	0	0	0	0	0	0	0	0	0	ENSG00000230794.1_6
0	0	0	0	0	0	0	0	0	0	ENSG00000230859.1_4
0	0	0	0	0	0	0	0	0	0	ENSG00000230870.2_2
0	0	0	0	0	0	0	0	0	0	ENSG00000230965.1_4
0	0	0	0	0	0	0	0	0	0	ENSG00000230972.1_6
0	0	0	0	0	0	0	0	0	0	ENSG00000230978.1_4
0	0	0	0	0	0	0	0	0	0	ENSG00000230982.1_4
0	0	0	0	0	0	0	0	0	0	ENSG00000231058.1_4
0	0	0	0	0	0	0	0	0	0	ENSG00000231068.1_2
0	0	0	0	0	0	0	0	0	0	ENSG00000231106.2_4
0	0	0	0	0	0	0	0	0	0	ENSG00000231123.1_4
0	0	0	0	0	0	0	0	0	0	ENSG00000231125.2_6
0	0	0	0	0	0	0	0	0	0	ENSG00000231136.1_5
0	0	0	0	0	2	0	0	1	0	ENSG00000231201.1_5
0	0	0	0	0	0	0	0	0	0	ENSG00000231231.5_4
0	0	0	0	0	0	0	0	0	0	ENSG00000231236.2_6
43	51	49	118	62	50	92	38	94	35	ENSG00000231300.1_4
0	0	0	0	0	0	0	0	0	0	ENSG00000231324.1_5
0	0	0	0	0	0	0	0	0	0	ENSG00000231355.1_5
0	0	0	0	0	0	0	0	0	0	ENSG00000231480.1_4
0	0	0	0	0	0	0	0	0	0	ENSG00000231620.1_5
0	0	0	0	0	0	0	0	0	0	ENSG00000231713.2_5
0	0	0	0	0	0	0	0	0	0	ENSG00000231755.1_4
0	0	0	0	0	0	0	0	0	0	ENSG00000231867.1_6
0	0	0	0	0	0	0	0	0	0	ENSG00000231986.1_2
0	0	0	0	0	0	0	0	0	0	ENSG00000232010.1_5
0	0	0	0	0	0	0	0	0	0	ENSG00000232079.6_4
0	0	0	0	0	0	0	0	0	0	ENSG00000232118.2_4
0	0	0	0	0	0	0	0	0	0	ENSG00000232124.1
0	0	0	0	0	0	0	0	0	0	ENSG00000232193.1_5
0	0	0	0	0	0	0	0	0	0	ENSG00000232260.2_4
0	0	0	0	0	0	0	0	0	0	ENSG00000232263.1_2
0	0	0	0	0	0	0	0	0	0	ENSG00000232360.1_4
0	0	0	0	0	0	0	0	0	0	ENSG00000232401.1_5
0	0	0	0	0	0	0	0	0	0	ENSG00000232512.6_3
0	0	0	0	0	0	0	0	0	0	ENSG00000232539.1_4
0	0	0	0	0	0	0	0	0	0	ENSG00000232560.6_4
0	0	0	0	0	0	0	0	0	0	ENSG00000232608.1_4
0	0	0	0	0	0	0	0	0	0	ENSG00000232623.1_5
0	0	0	0	0	0	0	0	0	0	ENSG00000232687.1_4
0	0	0	0	0	0	0	0	0	0	ENSG00000232692.1_6
0	0	0	0	0	0	0	0	0	0	ENSG00000232698.1
0	0	0	0	0	0	0	0	0	0	ENSG00000232777.1_2
1	0	4	0	0	3	1	0	1	0	ENSG00000232797.1_4
0	0	0	0	0	0	0	0	0	0	ENSG00000232806.1_5
0	0	0	0	0	0	0	0	0	0	ENSG00000232837.1_4
0	1	3	1	1	0	0	1	0	2	ENSG00000232855.6_6
0	0	0	0	0	0	0	0	0	0	ENSG00000232884.7_5
0	0	0	0	0	0	0	0	0	0	ENSG00000232886.1_5
0	0	0	0	0	0	0	0	0	0	ENSG00000232969.1_5
0	0	0	0	0	0	0	0	0	0	ENSG00000233036.1_4
0	0	0	0	0	0	0	0	0	0	ENSG00000233056.2_4
0	0	0	0	0	0	0	0	0	0	ENSG00000233206.1_2
0	0	0	0	0	0	0	0	0	0	ENSG00000233213.1_5
0	0	0	0	0	0	0	0	0	0	ENSG00000233215.5_4
0	0	0	0	0	0	0	0	0	0	ENSG00000233236.1_3
0	0	0	0	0	0	0	0	0	0	ENSG00000233300.1_4
0	0	0	0	0	0	0	0	0	0	ENSG00000233316.4_3
0	0	0	0	0	0	0	0	0	0	ENSG00000233393.1_5
0	0	0	0	0	0	0	0	0	0	ENSG00000233442.2_4
0	0	0	0	0	0	0	0	0	0	ENSG00000233480.1_4
0	0	0	0	0	0	0	0	0	0	ENSG00000233640.2_4
0	0	0	0	0	0	0	0	0	0	ENSG00000233676.2_4
0	0	0	0	0	0	0	0	0	0	ENSG00000233754.2_5
0	0	0	0	0	0	0	0	0	0	ENSG00000233756.5_5
0	0	0	0	0	0	0	0	0	0	ENSG00000233767.1_4
0	0	0	0	0	0	0	0	0	0	ENSG00000233783.7_5
0	0	0	0	0	0	1	0	0	2	ENSG00000233818.1_6
0	0	0	0	0	0	0	0	0	0	ENSG00000233922.2_4
0	0	0	0	0	0	0	0	0	0	ENSG00000233956.1_4
0	0	0	0	0	0	0	0	0	0	ENSG00000233997.5_4
0	0	0	0	0	0	0	0	0	0	ENSG00000234008.5_2
0	0	0	0	0	0	0	0	0	0	ENSG00000234030.1_4
0	0	0	0	0	0	0	0	0	0	ENSG00000234034.1_5
0	0	0	0	0	0	0	0	0	0	ENSG00000234052.1_4
0	0	0	0	0	0	0	0	0	0	ENSG00000234083.1_5
8	17	21	24	21	7	34	4	27	8	ENSG00000234107.1_4
0	0	0	0	0	0	0	0	0	0	ENSG00000234159.1_2
5	7	4	49	59	17	24	16	23	13	ENSG00000234289.5_2
0	0	0	0	0	0	0	0	0	0	ENSG00000234293.1_5
0	0	0	0	0	0	0	0	0	0	ENSG00000234340.1_5
0	0	0	0	0	0	0	0	0	0	ENSG00000234380.1_5
0	0	0	0	0	0	0	0	0	0	ENSG00000234439.1_2
0	0	0	0	0	0	0	0	0	0	ENSG00000234509.1_2
0	0	0	0	0	0	0	0	0	0	ENSG00000234538.1_4
0	0	0	1	0	0	0	0	0	0	ENSG00000234703.1_5
0	0	0	0	0	0	0	0	0	0	ENSG00000234730.1_5
0	0	0	0	0	1	0	0	0	0	ENSG00000234880.1_4
0	0	0	0	0	0	0	0	0	0	ENSG00000234883.5_3
0	0	0	0	1	0	0	0	0	0	ENSG00000235012.1_5
0	1	0	0	0	0	0	0	0	0	ENSG00000235023.1_5
0	0	0	0	0	0	0	0	0	0	ENSG00000235123.5_5
0	0	0	0	0	0	0	0	0	0	ENSG00000235277.1_5
0	0	0	0	0	0	0	0	0	0	ENSG00000235312.1_4
0	0	0	0	0	0	0	0	0	0	ENSG00000235374.2_2
0	0	0	0	0	0	0	0	0	0	ENSG00000235514.1_4
0	0	0	0	0	0	0	0	0	0	ENSG00000235564.1_2
0	0	0	0	0	0	0	0	0	0	ENSG00000235609.7_6
0	0	0	0	0	0	0	0	0	0	ENSG00000235701.1_2
5	4	1	1	0	2	2	8	2	0	ENSG00000235772.1_5
0	0	0	0	0	0	0	0	0	0	ENSG00000235808.1_4
0	0	0	0	0	0	0	0	0	0	ENSG00000235878.4
0	0	0	0	0	0	0	0	0	0	ENSG00000235888.1_5
0	0	0	0	0	0	0	0	0	0	ENSG00000235890.2_5
0	0	0	0	0	0	0	0	0	0	ENSG00000235965.2_5
11	7	6	5	4	4	7	3	5	9	ENSG00000236056.1_2
0	0	0	0	0	0	0	0	0	0	ENSG00000236119.1_5
0	0	0	0	0	0	0	0	0	0	ENSG00000236332.1_5
0	0	0	0	0	0	0	0	0	0	ENSG00000236382.1_4
0	0	0	0	0	0	0	0	0	0	ENSG00000236384.7_2
0	0	0	0	0	0	0	0	0	0	ENSG00000236400.1_4
0	0	0	0	0	0	0	0	0	0	ENSG00000236471.1_5
5	11	4	11	5	8	2	7	12	4	ENSG00000236519.1_5
0	0	0	0	0	1	1	0	0	0	ENSG00000236532.5_4
0	0	0	0	0	0	0	0	0	0	ENSG00000236545.1_5
0	0	0	0	0	0	0	0	0	0	ENSG00000236612.1_4
0	0	0	0	0	0	0	0	0	0	ENSG00000236663.1_5
0	0	0	1	0	0	0	0	0	0	ENSG00000236677.1_5
0	0	0	0	0	0	0	0	0	0	ENSG00000236830.6_4
1	2	7	1	1	0	0	0	0	0	ENSG00000236883.1_5
0	0	0	0	0	0	0	0	0	0	ENSG00000237138.1_5
0	0	0	0	0	0	0	0	0	0	ENSG00000237202.1_5
0	0	0	0	0	0	0	0	0	0	ENSG00000237232.7_2
0	0	0	0	0	0	0	0	0	0	ENSG00000237325.3_5
0	0	0	0	0	0	0	0	0	0	ENSG00000237338.1_5
0	0	0	0	0	0	0	0	0	0	ENSG00000237373.1_5
0	0	0	0	0	0	0	0	0	0	ENSG00000237444.1_2
26	39	39	27	14	68	59	29	69	13	ENSG00000237484.5_4
0	0	0	0	0	0	0	0	0	0	ENSG00000237527.1_5
0	0	0	0	0	0	0	0	0	0	ENSG00000237569.1_2
0	0	0	0	0	0	0	0	0	0	ENSG00000237594.2_5
0	0	0	0	0	0	0	0	0	0	ENSG00000237604.1_2
0	0	0	0	0	0	0	0	0	0	ENSG00000237609.1_5
0	0	0	0	0	0	0	0	0	0	ENSG00000237646.1_5
0	0	0	0	0	0	0	0	0	0	ENSG00000237664.1_4
0	0	0	0	0	0	0	0	0	0	ENSG00000237721.1_5
0	0	0	0	0	0	0	0	0	0	ENSG00000237731.1_4
0	0	0	0	0	0	0	0	0	0	ENSG00000237735.2_5
0	0	0	0	0	0	0	0	0	0	ENSG00000237841.1_4
0	0	0	0	0	0	0	0	0	0	ENSG00000237864.1_4
64	61	96	99	96	212	90	135	61	102	ENSG00000237945.7_4
0	0	0	0	0	0	0	0	0	0	ENSG00000237989.1_4
0	0	0	0	0	0	0	0	0	0	ENSG00000238141.2_5
0	0	0	0	0	0	0	0	0	0	ENSG00000238197.5_6
0	0	0	0	0	0	0	0	0	0	ENSG00000238220.1_5
0	0	0	0	0	0	0	0	0	0	ENSG00000238257.1_5
0	0	0	0	0	0	0	0	0	0	ENSG00000238265.1_4
0	0	0	0	0	0	0	0	0	0	ENSG00000238314.1
0	0	0	0	0	0	0	0	0	0	ENSG00000238390.1
0	0	0	0	0	0	0	0	0	0	ENSG00000238411.1
0	0	0	0	0	0	0	0	0	0	ENSG00000238556.1
0	0	0	0	0	0	0	0	0	0	ENSG00000238581.1
0	0	0	0	0	0	0	0	0	0	ENSG00000238591.1
0	0	0	0	0	0	0	0	0	0	ENSG00000238627.1
0	0	0	0	0	0	0	0	0	0	ENSG00000238660.1
0	0	0	0	0	0	0	0	0	0	ENSG00000238851.1
0	0	0	0	0	0	0	0	0	0	ENSG00000239023.1
0	0	0	0	0	0	0	0	0	0	ENSG00000239107.1
0	0	0	0	0	0	0	0	0	0	ENSG00000239171.1
0	0	0	0	0	0	0	0	0	0	ENSG00000239179.1
45	46	60	70	25	35	64	49	74	30	ENSG00000239415.1_6
0	0	0	0	0	0	0	0	0	0	ENSG00000239930.2_6
0	0	0	0	0	0	0	0	0	0	ENSG00000240432.3_2
0	0	0	0	0	0	0	0	0	0	ENSG00000240755.1_4
0	0	0	0	0	0	0	0	0	0	ENSG00000240770.5_5
0	0	0	0	0	0	0	0	0	0	ENSG00000241123.1_3
0	0	0	0	0	0	0	0	0	0	ENSG00000241728.5_6
10	21	65	56	58	17	47	14	61	24	ENSG00000241837.6_4
0	0	0	0	0	0	0	0	0	0	ENSG00000241945.7_2
0	0	0	0	0	0	0	0	0	0	ENSG00000242220.6_5
0	0	0	0	0	0	0	0	0	0	ENSG00000242553.1_6
0	0	0	0	0	0	0	0	0	0	ENSG00000242871.2
0	0	0	0	0	0	0	0	0	0	ENSG00000243064.8_2
0	0	0	0	0	0	0	0	0	0	ENSG00000243489.4_2
0	0	0	0	0	0	0	0	0	0	ENSG00000243627.4_5
1074	1475	1271	1346	1724	1599	1769	1321	1667	1630	ENSG00000243646.9_3
167	141	228	158	79	206	110	167	231	153	ENSG00000243927.5_3
0	0	0	0	0	0	0	0	0	0	ENSG00000244025.4_3
0	0	0	0	0	0	0	0	0	0	ENSG00000244278.1_6
0	0	0	0	0	0	0	0	0	0	ENSG00000244294.2
0	0	0	0	0	0	0	0	0	0	ENSG00000244362.3_2
0	0	0	0	0	0	0	0	0	0	ENSG00000244624.3_2
0	0	0	0	0	0	0	0	0	0	ENSG00000244676.5_5
0	0	0	0	0	0	0	0	0	0	ENSG00000248476.1_5
4	18	61	47	51	12	43	12	60	19	ENSG00000249209.2_6
0	0	0	0	0	0	0	0	0	0	ENSG00000249493.1_4
2039	2409	2093	2129	2802	2843	3094	2368	2676	2724	ENSG00000249624.9_6
0	0	0	0	0	0	0	0	0	0	ENSG00000250973.1_4
0	0	0	0	0	0	0	0	0	0	ENSG00000251778.1
0	0	0	0	0	0	0	0	0	0	ENSG00000251851.1
0	0	0	0	0	0	0	0	0	0	ENSG00000251894.1
0	0	0	0	0	0	0	0	0	0	ENSG00000251972.1
0	0	0	0	0	0	0	0	0	0	ENSG00000252045.1
0	0	0	0	0	0	0	0	0	0	ENSG00000252199.1
0	0	0	0	0	0	0	0	0	0	ENSG00000252273.1
0	0	0	0	0	0	0	0	0	0	ENSG00000252462.1
0	0	0	0	0	0	0	0	0	0	ENSG00000252606.1
0	0	0	0	0	0	0	0	0	0	ENSG00000252613.1
0	0	0	0	0	0	0	0	0	0	ENSG00000252619.1
0	0	0	0	0	0	0	0	0	0	ENSG00000252771.1
0	0	0	0	0	0	0	0	0	0	ENSG00000252915.1
0	0	0	0	0	0	0	0	0	0	ENSG00000252950.1
0	0	0	0	0	0	0	0	0	0	ENSG00000252963.1
7	3	4	2	3	8	5	3	5	2	ENSG00000255568.2
17	18	22	14	8	28	3	23	22	8	ENSG00000255902.1
0	0	0	0	0	0	0	0	0	0	ENSG00000256073.3_4
0	0	0	0	0	0	0	0	0	0	ENSG00000256212.1
0	0	0	0	0	0	0	0	0	0	ENSG00000256386.1
0	0	0	0	0	0	0	0	0	0	ENSG00000256715.1
0	0	0	0	0	0	0	0	0	0	ENSG00000256818.1
0	0	0	0	0	0	0	0	0	0	ENSG00000259981.1_2
0	0	0	0	0	0	0	0	0	0	ENSG00000260256.1_2
16	19	15	14	2	9	1	12	13	15	ENSG00000260583.1_5
2	1	1	2	0	0	0	0	0	1	ENSG00000261610.1_2
0	0	0	0	0	0	0	0	0	0	ENSG00000261706.1_4
0	0	0	0	0	0	0	0	0	0	ENSG00000263681.1
0	0	0	0	0	0	0	0	0	0	ENSG00000263796.1
0	0	0	0	0	0	0	0	0	0	ENSG00000263839.1
0	0	0	0	0	0	0	0	0	0	ENSG00000263969.1
0	0	0	0	0	0	0	0	0	0	ENSG00000263973.1
0	0	0	0	0	0	0	0	0	0	ENSG00000264002.1
0	0	0	0	0	0	0	0	0	0	ENSG00000264009.1
0	0	0	0	0	0	0	0	0	0	ENSG00000264055.1
0	0	0	0	0	0	0	0	0	0	ENSG00000264063.1
0	0	0	0	0	0	0	0	0	0	ENSG00000264452.1
0	0	0	0	0	0	0	0	0	0	ENSG00000264462.1
0	0	0	0	0	0	0	0	0	0	ENSG00000264580.1
0	0	0	0	0	0	0	0	0	0	ENSG00000264691.1
0	0	0	0	0	0	0	0	0	0	ENSG00000265007.1
0	0	0	0	0	0	0	0	0	0	ENSG00000265590.9_6
0	0	0	0	0	0	0	0	0	0	ENSG00000265841.1
0	0	0	0	0	0	0	0	0	0	ENSG00000265882.1
0	0	0	0	0	0	0	0	0	0	ENSG00000266007.1
0	0	0	0	0	0	0	0	0	0	ENSG00000266133.1
0	0	0	0	0	0	0	0	0	0	ENSG00000266195.1
0	0	0	0	0	0	0	0	0	0	ENSG00000266211.1
0	0	0	0	0	0	0	0	0	0	ENSG00000266299.1
0	0	0	0	0	0	0	0	0	0	ENSG00000266692.1
0	0	0	0	0	0	0	0	0	0	ENSG00000266838.1
0	0	0	0	0	0	0	0	0	0	ENSG00000266892.1
0	0	0	0	0	0	0	0	0	0	ENSG00000267812.1
0	0	0	0	0	0	0	0	0	0	ENSG00000267857.2_5
0	0	0	0	0	0	0	0	0	0	ENSG00000267883.1
1	15	1	3	0	0	0	3	0	0	ENSG00000267913.1
0	0	0	0	0	0	0	0	0	0	ENSG00000267937.1
21	27	28	14	17	23	16	11	14	13	ENSG00000267976.1
0	0	0	0	0	0	0	0	0	0	ENSG00000268040.1
0	0	0	0	0	0	0	0	0	0	ENSG00000268098.1
0	0	0	0	0	0	0	0	0	0	ENSG00000268265.1
0	0	0	0	0	0	0	0	0	0	ENSG00000268486.5_5
0	0	0	0	0	0	0	0	0	0	ENSG00000268805.1
0	0	0	0	0	0	0	0	0	0	ENSG00000269011.1
0	0	0	0	0	0	0	0	0	0	ENSG00000269430.1
0	0	0	0	0	0	0	1	0	0	ENSG00000269950.1_5
0	0	0	0	0	0	0	0	0	0	ENSG00000270071.1_5
0	0	0	0	0	0	0	0	0	0	ENSG00000270116.1_3
0	0	0	0	0	0	0	0	0	0	ENSG00000270139.1_5
0	0	0	0	0	0	0	0	0	0	ENSG00000270533.2_5
0	0	0	0	0	0	0	0	0	0	ENSG00000270652.1_2
0	0	0	0	0	0	0	0	0	0	ENSG00000270835.2_5
0	0	0	0	0	0	0	0	0	0	ENSG00000271486.1_5
0	0	0	0	0	0	0	0	0	0	ENSG00000272015.1
0	0	0	0	0	0	0	0	0	0	ENSG00000272283.1
109	104	163	91	38	127	35	89	155	108	ENSG00000272657.1_6
0	0	0	0	0	0	0	0	0	0	ENSG00000272804.3_2
0	0	0	0	0	0	0	0	0	0	ENSG00000272825.1_5
1	0	2	0	0	1	0	1	1	0	ENSG00000272948.2_4
0	0	0	0	0	0	0	0	0	0	ENSG00000272958.1_5
9	20	15	22	4	13	11	10	19	5	ENSG00000272991.1_5
0	0	0	0	0	0	0	0	0	0	ENSG00000273017.1_6
0	0	0	0	0	0	0	0	0	0	ENSG00000273027.1_6
0	0	0	0	0	0	0	0	0	0	ENSG00000273091.1_5
4	13	10	4	2	5	7	0	16	1	ENSG00000273102.1_5
0	0	0	0	0	0	0	0	0	0	ENSG00000273104.1_5
0	0	0	0	0	0	0	0	0	0	ENSG00000273115.1_5
0	0	0	0	0	0	0	0	0	0	ENSG00000273199.1_5
0	0	0	0	0	0	0	0	0	0	ENSG00000273210.1_4
0	0	0	0	0	0	0	0	0	0	ENSG00000273254.1_5
0	0	0	0	0	0	0	0	0	0	ENSG00000273271.1_5
0	0	0	0	0	0	0	0	0	0	ENSG00000273464.1_5
0	0	0	0	0	0	0	0	0	1	ENSG00000273492.5_6
0	1	0	0	0	0	0	0	0	0	ENSG00000273590.4_3
0	0	0	0	0	0	0	0	0	0	ENSG00000273692.1_5
0	0	0	0	0	0	0	0	0	0	ENSG00000273796.1_5
0	1	0	1	0	4	3	1	1	0	ENSG00000273840.1_5
0	0	0	0	0	0	0	0	0	0	ENSG00000273872.1_4
0	0	0	0	0	0	0	0	0	0	ENSG00000274225.1_2
0	0	0	0	0	0	0	0	0	0	ENSG00000274248.1_2
0	0	0	0	0	0	0	0	0	0	ENSG00000274276.4_3
5	7	4	49	59	17	24	16	23	13	ENSG00000274559.3_5
0	0	0	0	0	0	0	0	0	0	ENSG00000274749.1_2
0	0	0	0	0	0	0	0	0	0	ENSG00000275139.1_5
0	0	0	0	0	0	0	0	0	0	ENSG00000275170.1_4
0	0	0	0	0	0	0	0	0	0	ENSG00000275464.4_6
0	0	0	0	0	0	0	0	0	0	ENSG00000275592.1_2
0	0	0	0	0	0	0	0	0	0	ENSG00000275799.1_5
0	0	0	0	0	0	0	0	0	0	ENSG00000275874.1_5
2695	2600	2819	4935	2726	3365	4408	2585	3821	2253	ENSG00000275895.6_4
41	51	49	93	82	52	86	46	24	29	ENSG00000275945.1_4
0	0	0	0	0	0	0	0	0	0	ENSG00000275993.2_5
0	0	0	0	0	0	0	0	0	0	ENSG00000276076.4_5
0	0	1	1	0	0	0	0	0	0	ENSG00000276289.4_3
22	20	22	44	22	24	32	39	38	16	ENSG00000276529.1_5
0	0	0	0	0	0	0	0	0	0	ENSG00000276556.1_5
1609	2068	2029	2753	2024	2031	2322	1711	2270	1590	ENSG00000276612.3_6
0	1	0	2	0	2	1	1	0	1	ENSG00000276633.1_3
0	0	0	0	0	0	0	0	0	0	ENSG00000276647.1_5
0	0	0	0	0	0	0	0	0	0	ENSG00000276738.1_2
0	0	0	0	0	0	0	0	0	0	ENSG00000277117.4_5
3	7	1	4	6	4	9	13	7	6	ENSG00000277277.3_5
0	0	0	0	0	0	0	0	0	0	ENSG00000277282.1_2
0	0	0	0	0	0	0	0	0	0	ENSG00000277693.1_5
0	0	0	0	0	0	0	0	0	0	ENSG00000278106.1_5
0	0	0	0	0	0	0	0	0	0	ENSG00000278158.1_5
0	0	0	0	0	0	0	0	0	0	ENSG00000278181.1_5
0	0	0	0	0	0	0	0	0	0	ENSG00000278381.1_5
0	0	0	0	0	0	0	0	0	0	ENSG00000278678.1_4
0	0	0	0	0	0	0	0	0	0	ENSG00000278927.1_5
0	0	0	0	0	0	0	0	0	0	ENSG00000278931.1_5
0	0	0	0	0	0	0	0	0	0	ENSG00000278932.3_5
0	0	0	0	0	0	0	0	0	0	ENSG00000278955.3_6
0	0	0	0	0	0	0	1	3	1	ENSG00000278961.2_6
1	0	2	2	2	1	2	3	3	2	ENSG00000279062.1_5
0	0	0	0	0	0	0	0	0	0	ENSG00000279167.1_5
0	0	0	0	0	0	0	0	0	0	ENSG00000279208.1_5
0	0	0	0	0	0	0	0	0	0	ENSG00000279213.1_4
0	0	1	2	0	0	0	1	0	0	ENSG00000279226.1_5
0	0	0	0	0	0	0	0	0	0	ENSG00000279321.1_5
21	27	28	14	17	23	16	11	14	13	ENSG00000279365.1_6
0	0	0	0	0	0	0	0	0	0	ENSG00000279381.1_5
0	1	0	0	0	2	0	2	1	0	ENSG00000279390.1_5
1	0	1	0	0	0	0	0	0	0	ENSG00000279414.1_5
0	0	0	0	0	0	0	0	0	0	ENSG00000279493.1_5
0	0	0	0	0	0	0	0	0	0	ENSG00000279501.1_5
0	0	0	0	0	0	0	0	0	0	ENSG00000279534.1_5
0	0	0	0	0	0	0	0	0	0	ENSG00000279579.3_4
0	0	0	0	0	0	0	0	0	0	ENSG00000279615.1_5
2	0	1	0	0	0	1	1	2	1	ENSG00000279687.1_5
0	0	0	0	0	0	0	0	0	0	ENSG00000279690.1_5
0	0	0	0	0	0	0	0	0	0	ENSG00000279718.1_4
14	3	6	6	3	3	7	5	6	4	ENSG00000279720.1_5
0	0	0	0	0	0	0	0	0	0	ENSG00000279751.1_5
0	0	0	0	0	0	0	0	0	0	ENSG00000279769.1_5
0	0	0	0	0	0	0	0	0	0	ENSG00000279773.1_5
0	0	0	0	0	0	0	0	0	0	ENSG00000279851.2_5
0	0	0	0	0	0	0	0	0	0	ENSG00000279990.1_4
0	1	0	0	0	0	0	1	0	0	ENSG00000279998.1_5
0	0	0	0	0	0	0	0	0	0	ENSG00000280013.1_5
1989	2421	2445	3049	2298	2552	2533	2224	2787	1915	ENSG00000280071.3_6
0	0	0	0	0	0	0	0	0	0	ENSG00000280082.1_2
0	0	0	0	0	0	0	0	0	0	ENSG00000280095.1_5
0	0	0	0	0	0	0	0	0	0	ENSG00000280108.2_4
1	0	0	0	1	4	0	3	0	2	ENSG00000280109.3_5
0	0	0	0	0	0	0	0	0	0	ENSG00000280172.1_5
1	0	0	0	0	0	0	0	0	0	ENSG00000280179.1_5
0	0	0	0	0	0	0	0	0	0	ENSG00000280191.3_4
0	0	0	0	0	0	0	0	0	0	ENSG00000280243.1_4
0	0	0	0	0	0	0	0	0	0	ENSG00000280346.1_5
0	0	0	0	0	0	0	0	0	0	ENSG00000280372.1_5
0	0	0	0	0	0	0	0	0	0	ENSG00000280433.1_5
0	0	0	0	0	0	0	0	0	0	ENSG00000280436.1_5
29	34	22	11	8	31	10	41	54	46	ENSG00000280594.1_3
1	3	2	11	2	3	2	6	0	11	ENSG00000280604.1_5
0	0	0	0	0	0	0	0	0	0	ENSG00000281903.2_6
0	0	0	0	0	0	0	0	0	0	ENSG00000283051.1_4
4	0	1	1	0	0	1	2	3	1	ENSG00000285413.1_2
121	86	114	143	135	89	171	121	128	112	ENSG00000285815.1_1
