HG00096	HG00103	HG00106	HG00111	HG00116	HG00126	HG00132	HG00149	HG00150	HG00176
0	0	0	0	0	0	0	0	0	0
0	0	0	0	0	0	0	0	0	0
68.8331484454736	17.7801009131491	83.3358604760257	14.276366061079	23.2662129177993	35.7801584533907	37.7532974529098	47.2687270695379	23.84302557423	34.6286821354431
92.2799630011094	18.4001693148242	73.3058185501196	51.709854686763	56.7543560156814	89.7216101363521	14.6512188412144	183.439463931662	53.4614907036128	102.133548624292
0	0	0	0	0	0	0	0	0	0
0	0	0	0	0	0	0	0	0	0
0	0	0	0	0	0	0	0	0	0
0	0	0	0	0	0	0	0	0	0
0	0	0	0	0	0	0	0	0	0
0	21.9937594293302	6.87236019675026	8.82984191726988	8.22286012315872	3.40458480138155	0	21.9265560578718	9.83117345824825	0
0	0	0	0	0	0	0	0	0	0
10698.868349289	7253.55300292643	10086.2032302578	11563.982335584	8991.18198852955	11309.0566625745	5766.37908810483	7596.06236237607	8262.3650432337	13623.8446443251
0	0	0	0	3.05283926499331	0	0	0	0	0
2520.06438538253	1434.6653435619	2106.75226965067	2286.68329097028	3997.60791305493	3567.27024675286	3609.78560413224	3985.11951833768	2475.06504047008	2606.21849067813
0	0	0	0	0	0	0	0	0	0
9058.90201906963	10967.3846144764	8442.52015952577	7505.34648431531	7591.12445248695	7553.15110761487	9725.77577621697	5876.02701485406	9699.99166843459	12193.3596508719
0	0	0	0	0	0	0	0	0	0
8.38994405559119	55.6243721745669	96.8362878353922	82.945702200542	35.6510036377493	36.9022649422297	94.9096293266349	39.6102916176394	99.4560030742282	176.430504461556
0	0	0	0	0	0	0	0	0	0
0	0	0	0	0	0	0	0	0	0
0	0	0	0	0	0	0	0	0	0
0	0	0	0	0	0	0	0	0	0
0	0	0	0	0	0	0	0	0	0
0	0	0	0	0	0	0	0	0	0
0	0	0	0	0	0	0	0	0	0
0	0	0	0	0	0	0	0	0	0
7690.98009684832	6493.19336857471	5295.69919109667	3834.94940351813	8019.05318233795	6079.77749193493	8837.92856084552	7034.22112045417	6019.69501868941	12655.3317891932
0	0	0	0	0	0	0	0	0	0
0	0	0	0	0	0	0	0	0	0
0	0	0	0	0	0	0	0	0	0
0	0	0	0	0	0	0	0	0	0
0	0	0	0	0	0	0	0	0	0
0	0	0	0	0	0	0	0	0	0
0	0	0	0	0	0	0	0	0	0
0	0	0	0	0	0	0	0	2.84730759092715	0
0	0	0	0	0	0	0	0	0	0
0	0	0	0	0	0	0	0	0	0
0	0	0	0	0	0	0	0	0	0
0	0	0	0	0	0	0	0	0	0
5195.0414521947	4806.7336403807	4825.40765144726	3653.70903039878	5400.20712413557	5711.23035415801	4477.55487871194	5126.6202305162	3949.93105253167	5437.88108849408
0	0	0	0	0	0	0	0	0	0
0	0	0	0	0	0	0	0	0	0
25.0919521987464	35.6478816896294	77.9719169006172	30.5313427733099	13.3277598931008	35.3165594171546	22.7078308649996	9.47705526771291	14.8722402585858	55.5425042799005
0	0	0	0	0	0	0	0	0	0
745.465244666061	823.724924698711	742.080295717426	695.760797167771	719.925272589065	705.449235091053	1051.98700654768	1258.47456564582	549.914550186346	831.315963459665
4.44274900940653	4.20784560217026	11.833378304882	0	0	0	0	0	0	0
0	0	0	0	0	0	0	0	0	0
0	0	0	0	0	0	0	0	0	0
0	0	0	0	0	0	0	0	0	0
0	0	0	0	0	0	0	0	0	0
0	0	0	0	0	0	0	0	0	0
0	0	0	0	0	0	0	0	0	0
12193.2835322561	11058.5137219085	8838.33332910734	9106.0184747668	14757.4408865057	11779.9851632119	12902.6987549364	12017.798532974	11986.3929634825	14466.3353511767
0	0	0	0	0	0	0	0	0	0
0	0	0	0	0	0	0	0	0	0
0	0	0	0	0	0	0	0	0	0
0	0	0	0	0	0	0	0	0	0
0	0	0	0	0	0	0	0	0	0
0	0	0	0	0	0	0	0	0	0
3260.56917811208	1343.51386534724	3855.84807344689	3543.04269501892	1299.79772498599	2602.12592772949	2646.56239016928	7039.83040717382	7781.51387369059	2068.50933983211
0	0	0	0	0	0	0	0	0	0
0	0	0	0	0	0	0	0	0	0
0	0	0	0	0	0	0	0	0	0
0	0	0	0	0	0	0	0	0	0
0	0	0	0	0	0	0	0	0	0
973.242332682075	559.962040150007	856.009912834965	290.521297151814	270.55025578721	480.078677040237	226.365952932359	506.72017430271	700.845851316446	1097.29833753308
0	0	0	0	0	0	0	0	0	0
1220.36835766549	934.644168929261	1293.76819481621	1133.20035471536	1184.59373467101	1669.61675888109	1275.0878313495	1462.90763492083	1373.11796562785	1285.14681505732
881.819991586385	622.38099250986	617.299846393605	709.301302192714	1134.93202382751	522.117914238991	479.587458760467	1000.7730107283	621.021462751018	1295.05048093868
0	0	0	0	0	0	0	0	0	0
0	0	0	0	0	0	0	0	0	0
0	0	0	0	0	0	0	0	0	0
0	0	0	0	0	0	0	0	0	0
0	0	0	0	0	0	0	0	0	0
0	0	0	0	0	0	0	0	0	0
0	0	6.76242663915622	0	4.04566166170966	0	2.87208182670269	3.59596806496503	0	0
0	0	0	0	0	0	0	0	0	0
0	0	0	0	0	0	0	0	0	0
0	0	0	0	0	0	0	0	0	0
1065.78931238871	815.934997907879	1009.73917398086	1085.00694279703	1247.95470465778	1273.03371796836	1427.78155823863	1022.42889299378	1357.97517804698	1198.43684690689
0	0	0	0	0	0	0	0	0	0
6345.06960502472	5810.5178841163	5861.4933433229	8792.88006550766	6782.62750458425	6925.15435793652	7777.42389709717	5722.20068342091	7599.08037311981	5828.4665507445
0	0	0	0	0	0	0	0	0	0
176.808836756429	38.6446952237052	217.354599618917	41.3725297381513	72.2409291480336	35.8926746749423	30.771015042692	89.8954322655672	46.0643033106601	15.0529501903231
0	0	0	0	0	0	0	0	0	0
0	0	0	0	0	0	0	0	0	0
0	0	0	0	0	0	0	0	0	0
7795.40668618111	6463.9457185192	6395.36892974222	9396.14822174517	8618.37853448137	7152.79960861602	7628.34527047073	6663.2281609599	7841.10667003609	6641.44235962438
0	0	0	0	0	0	0	0	0	0
0	0	0	0	0	0	0	0	0	0
6934.60211876007	7862.99026117095	7405.5817155874	7899.33847443002	8209.12778130315	7627.42807907452	6428.29412240962	7367.51722958503	8029.75186188521	7270.55222620647
0	0	0	0	0	0	0	0	0	0
0	0	0	0	0	0	0	0	0	0
265.364672895349	145.935830750776	174.801423015313	149.727205593686	136.403456520978	225.905404188652	45.1896945307817	282.897055521528	224.691688291186	108.953268374095
0	0	0	0	0	0	0	0	0	0
0	0	0	0	0	0	0	0	0	0
0	0	0	0	0	0	0	0	0	0
0	0	0	0	0	0	0	0	0	0
3548.2558643369	2970.8544268161	2577.51065283196	1116.57949525631	1571.55140542834	4011.73332543418	1124.05871667312	3434.40074198785	2109.67795976743	2191.31725479567
39.4378373312212	142.619107324622	50.9302847407687	57.2573404790083	60.9386870691122	28.3848673444832	45.9652134072376	60.9357108461027	30.3573814302084	19.840445539608
1824.26963699518	2103.31185427174	1853.50528123747	2464.72867787177	2026.30249265684	2053.52115390253	2101.30527724229	1602.11441811315	1770.02085471211	2224.65235024295
0	0	0	0	0	0	0	0	0	0
0	0	0	0	0	0	0	0	0	0
0	0	0	0	0	0	0	0	0	0
0	0	15.911317375418	0	0	0	0	16.9219104935578	0	0
2730.39869686618	2806.38152045916	3164.32138939666	2965.97919299135	3487.5124866014	4172.72119597939	2812.12823614663	3109.01282482512	2683.99849312419	3061.28760956853
0	5.86028282362339	0	4.70545939081979	0	21.7718083865172	13.9988308777912	5.84237634589216	5.23907312331541	0
0	0	7.05437463551905	0	0	0	0	0	0	0
0	0	0	0	0	0	0	0	0	0
5.96142820214646	0	0	0	0	0	0	0	5.04770794375944	0
0	0	7.1640508580862	0	0	7.09817820064157	0	7.61906915257206	0	0
308.470691993386	237.380639011586	445.044039041409	557.145968821494	491.538874821212	135.67751021256	625.204843527148	254.859561311593	359.137294904953	490.77538347113
0	0	0	0	0	0	0	0	0	0
0	0	0	0	0	0	0	0	0	0
197.756877794659	104.05599560659	175.576873866594	250.652371106243	140.053201843639	289.937439795893	347.991259026414	186.728482262528	167.446277826133	267.511700757411
0	0	0	0	0	0	0	0	0	0
1829.84780551912	1061.98312683571	1336.56339113533	1693.57569071957	1309.70102194165	2178.20214072546	959.139740738601	2394.41479171777	1813.10811765628	1229.50594081041
0	0	0	0	0	0	0	0	0	0
0	0	0	0	0	0	0	0	0	0
0	5.49721005642507	5.15311732489493	0	0	20.4229399179274	0	0	4.91448729125136	6.42384901881828
0	0	0	0	0	0	0	0	0	0
0	0	0	0	0	0	0	0	0	0
0	0	0	0	0	0	0	0	0	0
0	0	0	0	0	0	0	0	0	0
0	0	0	0	0	0	0	0	0	0
0	0	4.03283521085336	3.45434914845058	0	0	0	0	0	0
250.43049912244	266.114911960626	295.553141579024	315.866629301324	136.262188965678	279.402739049003	244.140137709559	219.162340354837	235.319902766367	270.411005890423
383.850763484545	200.096302892057	367.21736851108	382.429049395894	474.150990073781	272.226243974244	451.054177158305	415.827669580486	403.122076444166	368.851650484038
0	0	0	0	0	0	0	0	0	0
0	0	0	0	0	0	0	0	0	0
250.085968473379	404.0605208084	261.219813600966	458.686260821443	234.414443561987	284.699718850223	266.26347710411	166.686574113413	286.491763957626	390.762298818184
0	0	0	0	0	0	0	0	0	0
0	0	0	0	0	0	0	0	0	0
0	0	0	0	0	0	0	0	0	0
188.727977919589	221.99507501411	116.211409391557	217.602520633341	106.711504114411	128.531562753858	89.5301181371182	206.945536705732	149.491497406771	134.761426219996
8.57570950559932	8.12228227438086	15.2277511960378	13.0434214706531	0	15.0877337034126	6.4674043513391	48.5847846556611	21.7838790606591	18.9828347410023
0	0	0	0	0	0	0	0	0	0
0	0	0	0	0	0	0	0	0	0
0	0	0	0	0	0	0	0	0	0
0	0	0	0	0	0	0	0	0	0
0	0	0	0	0	0	0	0	0	0
0	0	0	0	0	0	0	0	0	0
12.8688802201555	12.1884583001619	57.12766565734	4.89330440989293	6.83539265134878	0	9.70511558004072	6.07560783403713	0	0
0	0	0	0	0	0	0	0	0	0
0	0	0	0	0	0	0	0	0	0
0	0	0	0	0	0	0	0	0	0
15.2021657668093	61.193093842809	16.8714027237883	66.475984733049	109.008895898948	163.819465959271	8.59857889593678	104.069253873093	6.43604940807992	222.937102379355
0	0	0	0	0	0	0	0	0	0
0	0	0	0	0	0	0	0	0	0
0	1.71646247379541	0	2.75643504226527	0	1.59422732685685	2.73348216595462	0	0	0
0	0	0	0	0	0	0	0	0	0
0	0	0	0	0	0	0	0	0	0
0	0	0	0	0	0	0	0	0	0
0	0	0	0	0	0	0	0	0	0
0	64.764232311664	40.4735837674225	26.0009178986801	24.2135604417124	40.101433628921	8.59480262062017	0	67.548840032628	25.2270785798301
0	0	0	0	0	0	0	0	0	0
0	0	0	0	0	0	0	0	0	0
0	11.4796946110586	21.5222676876275	18.435027263053	51.5032948395883	31.9865592152218	9.14075925602621	0	10.262808350857	13.4147729860516
315.883127948785	191.927627358153	195.78886993693	163.171584902052	158.286280218705	288.361451568553	35.9584116989474	332.033223997619	262.420528093158	131.92939349167
0	0	0	0	0	0	0	0	0	0
0	0	0	0	0	0	0	0	0	0
0	0	0	0	0	0	0	0	0	0
0	0	0	0	0	0	0	0	0	0
0	0	0	0	0	0	0	0	0	0
0	0	0	0	0	0	0	0	0	0
0	0	0	0	0	0	0	0	0	0
0	0	0	0	0	0	0	0	0	0
0	0	0	0	0	0	0	0	0	0
468.663958546138	591.845446048129	400.688479297482	475.216776363568	534.747169447357	412.273584961946	484.350184605103	376.968098379565	308.646238302931	557.130327713016
24.9091564269439	40.975793844353	32.5911110270257	26.9191073303855	8.35621053740213	26.5251108995178	18.7853362521921	16.092656518679	29.9718178406583	11.6079737145141
972.760166387888	1088.84099242194	1270.76861839549	856.839033153323	848.969053306206	924.864936379845	832.413630711885	853.566538549716	942.914137438198	1102.00590745848
10.646921620874	3.36132742919536	22.0564979372588	18.8926253823424	15.0804915551913	3.12195583879421	26.7647231498251	3.35105667323191	9.01504623051895	15.7117226275364
0	0	0	0	0	0	0	0	0	0
1819.42849747199	1677.10857470327	1355.96344388669	1464.44780928313	1725.88533820889	1577.14690255401	1328.72833431023	1872.62214684629	1229.4501260274	1886.31800593783
0	0	0	0	0	0	0	0	0	0
0	0	0	0	0	0	0	0	0	0
0	0	0	0	0	0	0	0	0	0
0	0	0	0	0	0	0	0	0	0
0	0	0	0	0	0	0	0	0	0
0	0	0	0	0	0	0	0	0	0
0	0	0	0	0	0	0	0	0	0
0	0	0	0	0	0	0	0	0	0
0	0	0	0	0	0	0	0	0	0
0	0	0	0	0	0	0	0	0	0
0	0	0	0	0	0	0	0	0	0
0	6.0240260201658	0	4.83693546203387	0	22.3801383267287	14.3899746817295	6.00561921438033	5.38545898999629	0
0	0	0	0	0	0	0	0	0	0
0	0	0	0	0	0	0	0	0	0
0	0	0	0	0	0	0	0	0	0
6.1463990914125	0	0	0	0	0	0	0	0	0
4259.45723228004	1692.46693798266	3043.34092926791	1777.74660480746	2423.61590656847	1848.76032240807	1466.29417198671	2005.65313494715	1046.7708942011	1455.33148059202
0	0	0	0	0	0	0	0	0	0
0	0	0	0	0	0	0	0	0	0
0	0	0	0	0	0	0	0	0	0
0	0	0	0	0	0	0	0	0	0
0	0	0	0	0	0	0	0	0	0
0	0	0	0	0	0	0	0	0	0
0	0	0	0	0	0	0	0	0	0
0	0	0	0	0	0	0	0	0	0
0	0	0	0	0	0	0	0	0	0
0	0	0	0	0	0	0	0	0	0
0	0	0	0	0	0	0	0	0	0
5680.50671273609	4110.49228145882	4910.04340960143	3866.47305475144	4098.39715503914	5436.77282257489	6480.06316680149	5655.82406069133	5223.63469360027	6140.68302382195
0	0	0	0	0	0	0	0	0	0
0	0	0	0	0	0	0	0	0	0
0	0	0	0	0	0	0	0	0	0
0	0	0	0	0	0	0	0	0	0
0	0	0	0	0	0	0	0	0	0
0	0	0	0	0	0	0	0	0	0
0	0	0	0	0	0	0	0	0	0
0	0	0	0	0	0	0	0	0	0
0	0	0	0	0	0	0	0	0	0
0	0	0	0	0	0	0	0	0	0
0	0	0	0	0	0	0	0	0	0
0	0	0	0	0	0	0	0	0	0
0	0	0	0	0	0	0	0	0	0
0	0	0	0	0	0	0	0	0	0
311.712876443766	295.231545492811	622.691555665006	118.526706817407	827.841998885574	754.069525603292	940.31786508839	515.076530818925	329.920010197971	948.742698481987
0	0	0	0	0	0	0	0	0	0
0	0	0	0	0	0	0	0	0	0
0	0	0	0	0	0	0	0	0	0
0	43.3559849981357	22.5789764402247	42.5483464398432	59.4352262233998	0	53.7015127283673	14.4078359827548	64.6001744781993	45.0349336936676
3.30153905393684	0	0	0	0	2.90429275995716	2.48986839276745	6.23484132179942	0	3.65407493169676
0	5.85191099101821	0	0	0	0	0	0	0	0
33.4100935713822	29.3833308910791	39.1973854931669	31.7599036223302	51.9704193984952	45.1348568608756	45.8933531324608	69.8538457085547	33.3409140340767	43.5807410237036
0	0	0	0	0	0	0	0	0	0
0	0	0	0	0	0	0	0	0	0
0	0	0	0	0	0	0	0	0	0
0	0	0	0	0	0	0	0	0	0
0	0	0	0	0	0	0	0	0	0
0	0	0	0	0	0	0	0	0	0
0	0	0	0	0	0	0	0	0	0
0	0	0	0	0	0	0	0	0	0
0	0	0	0	0	0	0	0	0	0
0	0	0	0	0	0	0	0	0	0
0	0	0	0	0	0	0	0	0	0
0	0	0	0	0	0	0	0	0	0
0	0	0	0	0	0	0	0	0	0
0	0	0	0	0	0	0	0	0	0
0	0	0	0	0	0	0	0	0	0
0	0	0	0	0	0	0	0	0	0
0	0	0	0	0	0	0	0	0	0
0	0	0	0	0	0	0	0	0	0
0	0	0	0	0	0	0	0	0	0
0	0	0	0	0	0	0	0	0	0
0	0	0	0	0	0	0	0	0	0
0	0	0	0	0	0	0	0	0	0
0	0	0	0	0	0	0	0	0	0
1401.1931406017	849.348636277373	1244.03820516227	1790.18846819465	2500.69075516493	640.951693763332	1268.05824409193	1111.36383215574	1044.05788108438	1240.64919927156
0	0	0	0	0	0	0	0	0	0
0	0	0	0	0	0	0	0	0	0
0	0	0	0	0	0	0	0	0	0
0	0	0	0	0	0	0	0	0	0
0	0	0	0	0	0	0	0	0	0
0	22.4456859929466	0	0	0	0	0	22.3771017302938	0	0
69.7583251718913	66.0699628018185	61.9343751602291	106.100519812356	74.1052111905635	122.729790823996	0	65.8680817061068	0	0
0	0	0	0	0	0	0	0	0	0
0	0	0	0	0	0	0	0	0	0
665.387101639578	1312.92874798485	1132.28742280111	801.194950890738	1060.27456011114	341.440571907784	1045.42551106582	471.210122974456	1267.6541930299	981.915520107232
0	0	0	0	0	0	0	0	0	0
0	0	0	0	0	0	0	0	0	0
708.009762954569	728.885710625044	1462.1802306511	1568.47530000187	1798.56775914464	1150.86476448836	2495.62787481477	784.79123684002	2189.44781144902	1158.38076482401
0	0	0	0	0	0	0	0	0	0
0	0	0	0	0	0	0	0	0	0
2440.85070452934	1176.17616948188	1368.68836987754	1172.35821891672	682.35491492301	1770.46836861943	258.354660952503	2749.50329181135	1269.04875209813	758.310995726377
0	0	0	0	0	0	39.456382191839	0	0	0
0	0	0	0	0	0	0	0	0	0
0	0	0	0	0	0	0	0	0	0
0	0	0	0	0	0	0	0	0	0
1808.48801984091	2226.72715658231	1887.39816563235	2338.06202672892	1845.05897810793	1798.00353910121	1981.48343020475	1668.96987145825	1892.45241352611	1990.26722729427
0	0	0	0	0	0	0	0	0	0
0	0	0	0	0	0	0	0	0	0
165.049857587659	90.7682541897777	141.811166759983	52.636655089511	11.3119157008164	88.9879115248261	8.0305152101568	90.4909058481927	18.0325586205867	147.317547000085
0	0	0	0	0	0	0	0	20.2140503028379	0
0	0	0	0	0	0	0	0	0	0
0	0	0	0	0	0	0	0	0	0
0	0	0	0	0	0	0	0	0	0
0	0	0	0	0	0	0	0	0	0
18052.2413662216	24387.2029777868	23075.3633166854	18539.5830659696	34287.6987404885	12087.3598024888	21788.7455149815	25073.6467299514	17605.4333889121	16635.0059056676
0	0	0	0	0	0	0	0	0	0
0	0	0	0	0	0	0	0	0	0
0	0	0	0	0	0	0	0	0	0
0	0	0	0	0	0	0	0	0	0
0	0	0	0	0	0	0	0	0	0
0	0	0	0	0	0	0	0	0	0
0	0	0	0	0	0	0	0	0	0
0	0	0	0	0	0	0	0	0	0
0	0	0	0	0	0	0	0	0	0
0	0	0	0	0	0	0	0	0	0
0	0	0	0	0	0	0	0	0	0
0	0	0	0	0	0	0	0	0	0
0	0	0	0	0	0	0	0	0	0
0	0	0	0	0	0	0	0	0	0
102.976575253744	195.063699700607	30.4756449201127	52.2081922886195	182.322344992656	120.781698906155	207.093815525419	388.935339597964	174.386291104642	189.95389525884
238.074284072877	289.911186710994	120.784207389805	206.916872189758	108.389797757102	269.26562233207	51.2984680659295	32.1139271227677	57.5954722914413	263.495678560886
0	0	0	0	0	0	0	0	0	0
0	0	0	0	0	0	0	0	0	0
0	0	0	0	0	0	0	0	0	0
0	0	0	0	0	0	0	0	0	0
0	0	0	0	0	0	0	0	0	0
0	0	0	0	0	0	0	0	0	0
0	0	0	0	0	0	0	0	0	0
0	0	0	0	0	0	0	0	0	0
0	0	0	0	0	0	0	0	0	0
0	0	0	0	81.5595815470107	0	0	0	65.0079073348664	0
0	0	0	0	0	0	0	0	0	0
233.995464057201	288.110315698462	373.951826936785	142.360300704045	348.007159495451	349.929304405298	141.174864325714	88.3784540835771	198.13050206659	233.083192667474
504.083784048254	329.040381749862	429.402996910873	479.186098798158	379.91200276984	485.377878607252	413.548872071334	533.860845454195	389.330727351352	437.280398966247
9702.16820958931	9222.27552588112	6711.26226489398	9025.87788245738	12199.8198487474	8165.93790454706	11014.9185014402	8160.31031635836	11084.9569530538	11382.7058233616
0	0	0	0	0	0	0	0	0	0
0	0	0	0	0	0	0	0	0	0
0	0	0	0	0	0	0	0	0	0
0	0	0	0	0	0	0	0	0	0
0	0	0	0	0	0	0	0	0	0
0	0	0	0	0	0	0	0	0	0
0	0	0	0	0	0	0	0	0	0
0	0	0	0	0	0	0	0	0	0
0	0	0	0	0	0	0	0	0	0
0	0	0	0	0	0	0	0	0	0
0	0	0	0	0	0	0	0	0	0
0	0	0	0	0	0	0	0	0	0
0	0	0	0	0	0	0	0	0	0
0	0	0	0	0	0	0	0	0	0
328.482240049918	77.7785638046724	145.820174427881	312.257858941427	87.2377802623089	144.479374007996	495.452292839294	310.163625249009	69.5337743012179	90.8893321618245
0	0	0	0	0	0	0	0	0	0
0	0	0	0	0	0	0	0	0	0
0	0	0	0	0	0	0	0	0	0
446.01729156778	307.225327028456	431.992266742598	370.025562845591	861.473080090301	285.346763665791	428.101746781453	421.14404740842	308.990709551037	224.383038774504
0	0	0	0	0	0	0	0	0	0
0	0	0	0	0	0	0	0	0	0
0	0	0	0	0	0	0	0	0	0
11.4519404077421	21.692873929635	61.0050862125469	26.1271359467319	12.1655509986274	40.2961007824595	34.5460998537548	108.132949667572	67.8767470230777	12.6747700631671
0	0	0	0	0	0	0	0	0	0
0	0	0	0	0	0	0	0	0	0
0	0	0	0	0	0	0	0	0	0
0	0	0	0	0	0	0	0	0	0
0	0	0	0	0	0	0	0	0	0
0	0	0	0	0	0	0	0	0	0
0	0	0	0	0	0	0	0	0	0
9925.13668740471	9498.28102685585	7251.50365421838	10181.8455008773	9829.71673856025	6821.03817527788	7017.26255395893	4637.00798305541	6215.37753076543	7266.07704844291
0	0	0	0	0	0	0	0	0	0
0	0	0	0	0	0	0	0	0	0
0	0	0	0	0	0	0	0	0	0
0	0	0	0	0	0	0	0	0	0
0	0	0	0	0	0	0	0	0	0
0	0	0	0	0	0	0	0	0	0
0	0	0	0	0	0	0	0	0	0
14.7948101276759	0	0	0	0	0	0	0	0	0
0	0	0	0	0	0	0	0	0	0
0	0	0	0	0	0	0	0	0	0
0	0	0	0	0	0	0	0	0	0
0	0	0	0	0	0	0	0	0	0
0	0	0	0	0	0	0	0	0	0
0	0	0	0	0	0	0	0	0	0
0	0	0	0	0	0	0	0	0	0
0	0	0	0	0	0	0	0	0	0
0	0	0	0	0	0	0	0	0	0
0	0	0	0	0	0	0	0	0	0
0	0	9.44632536269177	0	0	0	0	0	0	0
0	0	0	0	0	0	0	0	0	0
0	0	0	0	0	0	0	0	0	0
0	0	0	0	0	0	0	0	0	0
0	0	0	0	0	0	0	0	0	0
0	0	0	0	0	0	0	0	0	0
0	0	0	0	0	0	0	0	0	0
0	0	0	0	14.9011559799403	0	0	0	0	0
0	0	0	0	0	0	0	0	0	0
0	0	0	0	0	0	0	0	25.2559456082585	0
0	0	0	0	0	0	0	0	0	0
0	0	0	0	0	0	0	0	0	0
0	0	0	0	0	0	0	0	0	0
0	0	0	0	0	0	0	0	0	0
0	0	0	0	0	0	0	0	0	0
0	0	0	0	0	0	0	0	0	0
0	0	0	0	0	0	0	0	0	0
0	0	0	0	0	0	0	0	0	0
0	0	0	0	0	0	0	0	0	0
0	0	0	0	0	0	0	0	0	0
0	0	0	0	0	0	0	0	0	0
0	0	0	0	0	0	0	0	0	0
0	0	0	0	0	0	0	0	0	0
0	0	0	0	0	0	0	0	0	0
0	0	0	0	0	0	0	0	0	0
0	0	0	0	0	0	0	0	0	0
0	0	0	0	0	0	0	0	0	0
0	0	0	0	0	0	0	0	0	0
0	0	0	0	0	0	0	0	0	0
0	0	0	0	0	0	0	0	0	0
0	0	0	0	0	0	0	0	0	0
0	0	0	0	0	0	0	0	0	0
0	0	0	0	0	0	0	0	0	0
0	0	0	0	0	0	0	0	0	0
2271.43705877623	2252.81660116655	2492.30881115465	2933.3157748288	2139.81092065369	1583.42712785641	2278.6305078187	2367.33475489397	1977.72198351044	1802.47580610931
0	0	0	0	0	0	0	0	0	0
0	0	0	0	0	0	0	0	0	0
0	0	0	0	0	0	0	0	0	0
0	0	0	0	0	0	0	0	0	0
0	0	0	0	0	0	0	0	0	0
0	0	0	0	0	0	0	0	0	0
0	0	0	0	0	0	0	0	0	0
232.94521511619	1456.14876724439	289.545983693423	602.315697749855	544.413867489741	368.850394684685	386.488368471586	439.908911933065	276.137717691731	206.255145157174
0	0	0	0	0	0	0	0	0	0
0	0	0	0	0	0	0	0	0	0
0	0	0	0	0	0	0	0	0	0
0	0	0	0	0	0	0	0	0	0
0	0	0	0	0	0	0	0	0	0
0	0	0	0	0	0	0	0	0	0
0	0	0	0	0	0	0	0	0	0
0	0	0	0	0	0	0	0	0	0
0	0	0	0	0	0	0	0	0	0
0	0	0	0	0	0	0	0	0	0
0	0	0	0	0	0	0	0	0	0
1245.60465426929	2457.80261622765	1935.32535500684	3354.89843646669	4300.47361581078	1369.6644655958	3287.82141528156	1715.20484762702	4086.91711832838	2470.00849082974
0	0	0	0	0	0	0	0	0	0
0	0	0	0	0	0	0	0	0	0
2447.25113716905	3498.65141100021	3484.63512912179	3371.0513910488	1422.50359132349	3208.88175510285	2367.94458819634	2179.97565788894	2815.00432900589	3321.82719324533
0	0	0	0	0	0	0	0	0	0
0	0	0	0	0	0	0	0	0	0
0	0	0	0	0	0	0	0	0	0
0	0	0	0	0	0	0	0	0	0
117.421253230514	1112.12788064599	677.634928223683	357.18908027327	311.845458856218	619.75767674018	265.661071047314	831.547275837276	646.255078799554	714.776738901588
0	0	0	0	0	0	0	0	0	0
0	0	0	0	0	0	0	0	0	0
0	0	0	0	0	0	0	0	0	0
0	0	0	0	0	0	0	0	0	0
0	0	0	0	0	0	0	0	0	0
0	0	0	0	0	0	0	0	0	0
0	0	0	0	0	0	0	0	0	0
0	0	0	0	0	0	0	0	0	0
0	0	0	0	0	0	0	0	0	0
0	0	0	0	0	0	0	0	0	0
0	0	0	73.6369279294708	0	0	146.047504232478	0	0	214.336037038332
0	0	0	0	0	0	0	0	0	0
0	0	0	0	0	0	0	0	0	0
0	0	0	0	0	0	0	0	0	0
0	0	0	0	0	0	0	0	0	0
0	40.0293585704829	0	0	0	37.1787314222529	31.8735595556223	39.9070462453937	0	0
203.416213603141	165.137913744299	232.201890298373	132.59594637244	123.481023797938	102.251919790653	153.407120907128	54.8777746801159	98.4218261105704	128.649625814721
0	0	0	0	0	0	0	0	0	0
0	0	0	0	0	0	0	0	0	0
0	0	0	0	0	0	0	0	0	0
0	0	0	0	0	0	0	0	0	0
0	0	0	0	0	0	0	0	0	0
0	0	0	0	0	0	0	0	0	0
0	0	0	0	0	0	0	0	0	0
0	0	0	0	0	0	0	0	0	0
0	0	0	0	0	0	0	0	0	0
0	0	0	0	0	0	0	0	0	0
0	0	0	0	0	0	0	0	0	0
0	0	0	0	0	0	0	0	0	0
0	0	0	0	0	0	0	0	0	0
0	0	0	0	0	55.4071385758818	0	0	26.6658649019234	0
0	0	0	0	0	0	0	0	0	0
0	0	0	0	0	0	0	0	0	0
3834.55041047963	4307.48912122371	3879.51818013971	8002.38559739377	5873.4109652892	3922.29228406586	6187.19461229552	3199.6948556616	7097.70182764047	3454.4192910989
0	0	0	0	0	0	0	0	0	0
0	0	0	0	0	0	0	0	0	0
0	0	0	0	0	0	0	0	0	0
0	0	0	0	0	0	0	0	0	0
0	0	0	0	0	0	0	0	0	0
0	0	0	0	0	0	0	0	0	0
0	0	0	0	0	0	0	0	0	0
0	0	0	0	0	0	0	0	0	0
0	0	0	0	0	0	0	0	0	0
0	0	0	0	0	0	0	0	0	0
0	0	0	0	0	0	0	0	0	0
0	0	0	0	0	0	0	0	0	0
0	0	0	0	0	0	0	0	0	0
0	0	0	0	0	0	0	0	0	0
0	0	0	0	0	0	0	0	0	0
0	0	0	0	0	0	0	0	0	0
0	0	0	0	0	0	0	0	0	0
0	0	0	0	0	0	0	0	0	0
0	0	0	0	0	0	0	0	0	0
0	0	0	0	0	0	0	0	0	0
0	0	0	0	0	0	0	0	0	0
0	0	0	0	0	0	0	0	0	0
0	0	0	0	0	0	0	0	0	0
0	0	0	0	0	0	0	0	0	0
0	0	0	0	0	0	0	0	0	0
0	0	0	0	0	0	0	0	0	0
51.1836232030445	0	181.771893961383	0	0	135.075391084398	38.6003265624302	0	43.3386048899109	0
0	0	0	0	0	0	0	0	0	0
0	0	0	0	0	0	0	0	0	0
0	3.76271068007907	10.5815619532786	3.02123341780438	4.22032127417171	0	0	3.75121347132145	0	8.79394640634922
0	0	0	0	0	0	0	0	0	0
0	0	0	0	0	0	0	0	0	0
0	0	0	0	0	0	0	0	0	0
0	0	0	0	0	0	0	0	0	0
0	0	0	0	0	0	0	0	0	0
0	0	0	0	0	0	0	0	0	0
0	0	0	0	0	0	0	0	0	0
0	0	0	0	0	0	0	0	0	0
0	0	0	0	0	0	0	0	0	0
0	0	0	0	0	0	0	0	0	0
0	0	0	0	0	0	0	0	0	0
0	0	0	0	0	0	0	0	0	0
0	0	0	0	0	0	0	0	0	0
0	0	0	0	0	0	0	0	0	0
0	0	0	0	0	0	0	0	0	0
0	0	0	0	0	0	0	0	0	0
0	0	0	0	0	0	0	0	0	0
0	0	0	0	0	0	0	0	0	0
0	0	0	0	0	0	0	0	0	0
0	0	0	0	0	0	0	0	0	0
0	0	0	0	0	0	16.6132135544585	0	0	48.7623581717089
0	0	0	0	0	0	0	0	0	0
0	0	0	0	0	0	0	0	0	0
0	0	0	0	0	0	0	0	0	0
0	0	0	0	0	0	0	0	0	0
0	0	0	0	0	0	0	0	0	0
0	0	0	0	0	0	0	0	0	0
0	0	0	0	0	0	0	0	0	0
0	0	0	0	0	0	0	0	0	0
400.773698284843	806.614758221429	934.037333497509	914.34888116285	1117.58669849553	308.482987746801	1284.54136927253	189.211786831442	1145.29374968724	443.568014874696
0	0	0	0	0	0	0	0	0	0
282.066271347213	374.013441599859	200.344239648741	2102.17421210829	3535.78516350106	843.633909968426	1021.06255132968	852.275700684234	1098.63363395924	811.681253306033
0	0	0	0	0	0	0	0	0	0
0	0	0	0	0	0	0	0	0	0
0	0	0	0	0	0	0	0	0	0
0	0	0	0	0	0	0	0	0	0
0	0	0	0	0	0	0	0	0	0
0	0	0	0	0	0	0	0	0	0
0	0	0	28.2732044199114	0	0	0	0	0	0
0	0	0	0	0	0	0	0	0	0
0	0	0	0	0	10.5929193008182	0	0	0	0
0	0	0	0	0	0	0	0	0	0
0	0	0	0	6.92641672434413	0	0	0	0	0
0	8.61178211712561	0	0	0	0	0	0	0	0
0	0	0	0	0	0	0	0	0	0
0	0	0	0	0	0	0	0	0	0
0	0	0	0	0	0	0	0	0	0
0	0	0	0	0	0	0	0	0	0
0	0	0	0	0	0	0	0	0	0
0	0	0	0	0	0	0	0	0	0
0	0	0	0	0	0	0	0	0	0
0	0	0	0	0	0	0	0	0	0
225.65301707777	170.977573302793	40.0688479297482	34.3212116262577	0	79.4008385852636	68.0708367553117	340.910280273694	76.4266875797734	0
0	0	0	0	0	0	0	0	0	0
0	0	0	0	0	0	0	0	0	0
0	0	0	0	0	0	0	0	0	0
0	0	0	0	0	0	0	0	0	0
0	0	0	0	0	0	0	0	0	0
304.643614304567	183.613856068234	147.532044138347	105.307879856447	117.682555231119	97.4503355101955	146.203371366131	78.4512051056726	117.250121020197	275.869008183809
0	0	0	0	0	0	0	0	0	0
0	0	0	0	0	0	0	0	0	0
0	0	0	0	0	0	0	0	0	0
0	0	0	0	0	0	0	0	0	0
0	0	0	0	0	0	0	0	0	0
0	0	0	0	0	0	0	0	0	0
125.849160833868	262.229183108672	89.3873426172851	210.55447481676	133.69126364156	177.130871722703	37.963851730654	166.363224794085	255.744007905158	111.429792291509
0	0	0	0	0	4.80280687844799	4.11747645006356	0	0	0
0	0	0	0	0	0	0	0	0	0
0	0	0	0	0	0	0	0	0	0
0	0	0	0	0	0	0	0	0	0
0	0	0	44.2481988455116	0	0	0	0	0	0
0	0	0	0	0	0	0	0	0	0
56.290882785127	106.629180747403	349.841893529797	42.8084526791718	59.7985652123419	0	0	0	0	0
0	0	0	0	0	0	0	0	0	0
0	0	0	0	0	0	0	0	0	0
0	0	0	0	0	0	0	0	0	0
0	0	0	0	0	0	0	0	0	0
0	0	0	0	0	0	0	0	0	0
0	0	0	0	0	0	0	0	0	0
0	0	0	0	0	0	0	0	0	0
135.755034419021	192.86579885891	180.793544230303	107.210625854658	77.6539114447595	312.331266467184	232.324259247882	142.974822021223	305.053202185866	75.1254278713833
0	0	0	0	0	0	0	0	0	0
0	0	0	0	0	0	0	0	0	0
0	0	0	0	0	0	0	0	0	0
0	0	0	0	0	0	0	0	0	0
0	0	0	0	0	0	0	0	0	0
0	0	0	0	0	0	0	0	0	0
0	0	0	0	0	0	0	0	0	0
0	0	0	0	0	0	0	0	0	0
0	0	0	0	0	0	0	0	0	0
0	0	0	0	0	0	0	0	0	0
0	0	0	0	0	0	0	0	0	0
0	0	0	0	0	0	0	0	0	0
115.856728684506	104.587345371389	154.293715083509	136.291243238557	184.61425197331	337.598961407173	122.869403630533	230.756544351635	93.5007348050419	204.363094122074
0	0	0	0	0	0	0	0	0	0
0	0	0	0	0	0	0	0	0	0
0	0	0	0	0	0	0	0	0	0
0	0	0	0	0	0	0	0	0	0
0	0	0	0	0	0	0	0	0	0
0	0	0	0	0	0	0	0	0	0
0	0	0	0	0	0	0	0	0	0
0	0	0	0	0	0	0	0	0	0
0	0	0	0	0	0	0	0	0	0
0	0	0	0	0	0	0	0	0	0
0	0	0	0	0	0	0	0	0	0
0	0	0	0	0	0	0	0	0	0
0	0	0	0	0	0	0	0	0	0
0	0	0	0	0	0	0	0	0	0
0	0	0	0	0	0	0	0	0	0
0	0	0	0	0	0	0	0	0	0
0	0	0	0	0	0	0	0	0	0
0	0	0	0	0	0	0	0	0	0
0	0	0	0	0	0	0	0	0	0
512.847766085841	496.52578105609	607.103756511337	606.688084302535	302.669505521406	350.887544253059	550.067367719691	527.291784514236	714.087737487781	378.406178697451
0	0	0	0	0	0	0	0	0	0
0	0	0	0	0	0	0	0	0	0
0	0	0	0	0	0	0	0	0	0
0	0	0	0	0	0	0	0	0	0
0	0	0	0	0	0	0	0	0	0
0	0	0	0	0	0	0	0	0	0
77.7880604434759	154.71779058987	448.912827150582	331.277882004046	479.284783167745	116.328416842169	275.721577235057	102.830026836152	401.778487239291	206.626107648464
0	0	0	0	0	0	0	0	0	0
0	0	0	0	0	0	0	0	0	0
0	0	0	0	0	0	0	0	0	0
0	0	0	0	0	0	0	0	0	0
0	0	0	0	0	0	0	0	0	0
0	0	0	0	0	0	0	0	0	0
0	0	0	0	0	0	0	0	0	0
6128.05719860936	7971.10567048325	6438.72378809548	5840.56766449916	10449.812419178	8025.84828674758	7612.13207746088	7117.05491806538	8053.7478795517	10293.5965721004
1008.06378064168	806.118094645495	1221.91811202372	725.304041927312	506.58384425873	1093.86244829315	500.75371304646	951.846640593203	1180.66698973987	1022.17200078155
0	0	0	0	0	0	0	0	0	0
0	0	0	0	0	0	0	0	0	0
0	0	0	0	0	0	0	0	0	0
0	0	0	0	0	0	0	0	0	0
0	0	0	0	0	0	0	0	0	0
0	0	0	0	0	0	0	0	0	0
0	0	0	0	0	0	0	0	0	0
96.2897846528518	410.393757811667	1303.72434242664	860.418130055301	1304.19672236305	254.112145750612	780.63610332796	272.759848549222	1222.96879475982	506.214796196284
0	0	0	0	0	0	0	0	0	0
14035.0789680321	15705.1631365846	12790.9434382636	11144.607226147	20488.8918443546	17214.6599278906	16061.1965689042	15390.6975338416	15596.517795623	20752.2766301284
0	0	0	0	0	0	0	0	0	0
0	0	0	0	0	0	0	0	0	0
0	0	0	0	0	0	0	0	0	0
0	0	0	0	0	0	0	0	0	0
0	0	0	0	0	0	0	0	0	0
0	0	0	0	0	0	0	0	0	0
0	0	0	0	0	0	0	0	0	0
0	0	0	0	0	0	0	0	0	0
0	0	0	0	0	0	0	0	0	0
0	0	0	0	0	0	0	0	0	0
0	0	0	0	0	0	0	0	0	0
0	0	0	0	0	0	0	0	0	0
0	0	0	0	0	0	0	0	0	0
0	0	0	0	0	0	0	0	0	0
0	0	0	0	0	0	0	0	0	0
0	0	0	0	0	0	0	0	0	0
181.650678747605	73.7340784868294	92.1583502384209	39.4693933701964	82.7014156886689	182.621928746106	97.8518278357606	73.5087791840152	109.863363395924	57.4420579262731
1042.91169831452	1045.87345371389	1198.27642153975	653.157809908687	521.364322702404	1511.05614801743	138.796918915973	1332.31041862281	1142.78675872829	543.18730899549
0	0	0	0	0	0	0	0	0	0
0	0	0	0	0	0	0	0	0	0
0	0	0	0	0	0	0	0	0	0
0	0	0	0	0	0	0	0	0	0
0	0	0	0	0	0	0	0	0	0
0	0	0	0	0	0	0	0	0	0
0	0	0	0	0	0	0	0	0	0
745.424688371808	838.388684171011	620.455679343049	496.024692264586	98.9843395435893	368.850394684685	35.1353062246896	527.890694319678	512.827189998928	773.456794339404
29.1246879505539	13.7923828071136	12.92906148126	22.1489300618386	0	0	0	0	0	16.1173002037803
0	0	0	0	0	0	0	0	0	0
0	0	0	0	0	0	0	0	0	0
0	0	0	0	0	0	0	0	0	0
0	0	0	0	0	0	0	0	0	0
0	0	0	0	0	0	0	0	0	0
0	0	0	0	0	0	0	0	0	0
0	0	0	0	0	0	0	0	0	0
0	0	0	0	0	0	0	0	0	0
0	0	0	0	0	0	0	0	0	0
0	0	0	0	0	0	0	0	0	0
0	0	0	0	0	0	0	0	0	0
0	0	0	0	0	0	0	0	0	0
0	0	0	0	0	0	0	0	0	0
0	0	0	0	0	0	0	0	0	0
0	0	0	0	0	0	0	0	0	0
0	0	0	0	0	0	0	0	0	0
0	0	0	0	0	0	0	0	0	0
0	0	0	0	0	0	0	0	0	0
0	0	0	0	0	0	0	0	0	0
0	0	0	0	0	0	0	0	0	0
0	0	0	0	0	0	0	0	0	0
0	0	0	0	0	0	0	0	0	0
0	0	0	0	0	0	0	0	0	0
0	0	0	0	0	0	0	0	0	0
0	0	0	0	0	0	0	0	0	0
0	0	0	0	0	0	0	0	0	0
0	0	0	0	0	0	0	0	0	0
0	0	0	0	0	0	0	0	0	0
0	0	0	0	0	0	0	0	0	0
41.7875957551426	593.672129523586	37.1007851201373	95.336698961827	0	0	0	118.371625095033	0	0
0	0	0	0	0	0	0	0	0	0
287.725467921233	350.373129029285	340.606363077585	145.874209921528	247.434717829527	277.211217077643	165.325157906248	142.308442630089	162.416799106963	197.134834488266
0	0	0	0	0	0	0	0	0	0
0	0	0	0	0	0	0	0	0	0
0	0	0	0	0	0	0	0	0	0
0	0	0	0	0	0	0	0	0	0
0	0	0	0	0	0	0	0	0	0
0	0	0	0	0	0	0	0	0	0
0	0	0	0	0	0	0	0	0	0
0	0	0	0	0	0	0	33.6116960146389	0	0
0	0	0	0	0	0	0	0	0	0
0	0	0	0	0	0	0	0	0	0
0	0	0	0	0	0	0	0	0	0
0	0	0	0	0	0	0	0	0	0
0	0	0	0	0	0	0	0	0	0
0	0	0	0	0	0	0	0	0	0
0	0	0	0	0	0	0	0	0	0
0	0	0	0	0	0	0	0	0	0
0	0	0	0	0	0	0	0	0	0
4412.73099698884	3987.69847250664	5858.74067428339	2801.64960740083	1634.24534382185	4522.81297791644	1068.58470335464	3402.12238553164	5313.20478201818	4839.11252421021
0	0	0	0	0	0	0	0	0	0
0	0	0	0	0	0	0	0	0	0
36.3446736189686	0	64.536659830827	0	0	31.971626181041	0	34.3178240821733	30.7740513714074	0
0	0	0	0	0	0	0	0	0	0
541.881375117151	1140.51165486202	801.841794417815	1007.33950596789	255.843513344683	688.539754553185	499.475687328708	568.513373426259	968.632902330654	333.190591219681
0	0	0	0	0	0	0	0	0	0
0	0	0	0	0	0	0	0	0	0
0	0	0	0	0	0	0	0	0	0
175.635174036843	540.633401200667	389.840737049158	133.568167073423	93.2898090114708	193.12809723573	231.797900118553	0	594.860850874717	48.5973417311955
0	0	0	0	0	0	0	0	0	0
0	0	0	0	0	0	0	0	0	0
0	0	0	0	0	0	0	0	0	0
0	0	0	0	0	0	0	0	0	0
0	0	0	0	0	0	0	0	0	0
0	0	0	0	0	0	0	0	0	0
0	0	0	0	0	0	0	0	0	0
0	0	0	0	0	0	0	0	0	14.0513840328457
0	5.68409485714072	0	0	0	0	0	0	0	0
0	0	0	0	0	0	0	0	0	0
0	0	0	0	0	0	0	0	0	0
0	7.36751383761285	0	5.91567646435797	0	27.3713921981574	17.5992496107483	7.34500191686803	6.5865325776933	0
0	0	0	0	0	0	0	0	0	0
0	0	0	0	0	0	0	0	0	0
0	0	0	0	0	0	0	0	0	0
0	0	0	0	0	0	0	0	0	0
282.066271347213	374.013441599859	200.344239648741	2102.17421210829	3535.78516350106	843.633909968426	1021.06255132968	852.275700684234	1098.63363395924	811.681253306033
0	0	0	0	0	0	0	0	0	0
0	0	0	0	0	0	0	0	0	0
0	0	0	0	0	0	0	0	0	0
0	0	0	0	0	0	0	0	0	0
0	0	0	0	0	0	0	0	0	0
0	0	0	0	0	0	0	0	0	0
0	0	0	0	0	0	0	0	0	0
6299.36149503044	5755.97802395234	5850.17089988535	8772.35886695726	6768.87225026456	6919.05501520726	7770.32709601932	5705.28415873054	7562.38356216585	5828.54244766228
1320.04215325271	1555.18527825819	1400.6697151621	2277.0803867421	2804.59722351979	1472.75748988795	2088.15314984501	1398.43004237581	654.273131886397	1033.38689817737
0	0	0	0	0	0	0	0	0	0
0	0	0	0	0	0	0	0	0	0
0	0	6.40344290150229	5.4849073610612	0	0	0	0	0	0
1288.71813364957	1109.61743396282	1144.17816323096	1960.10531409553	1369.02268258143	1236.7173504251	1413.660718169	2157.14250427133	1884.78907857568	1037.3283598424
0	0	0	0	0	0	0	0	0	0
26112.3865009288	31786.965668285	29235.3490671914	33977.248263962	34894.2391815438	28995.0857788729	28419.2550637444	26219.2039157494	31193.2251292993	28559.3721397043
0	9.86277133317676	0	15.8384403572217	0	18.320819497001	7.85327671234034	9.83263498983617	0	11.5252925213228
0	0	0	0	0	0	0	0	0	0
0	0	0	0	0	0	0	0	0	0
0	0	0	0	0	0	0	0	0	0
45.5797956041163	100.729615419166	13.4892198826729	46.2170882554993	96.8400652092141	53.4607519748555	103.122535189912	186.497683331811	90.051937209774	100.89354436699
0	0	0	0	0	0	0	0	0	0
0	0	0	0	0	0	0	0	0	0
0	0	0	0	0	0	0	0	0	0
0	0	0	0	0	0	0	0	0	0
0	0	0	0	0	0	0	0	0	0
0	0	0	0	0	0	0	0	0	0
0	0	0	0	0	0	0	0	0	0
0	0	0	0	0	0	0	0	0	0
0	0	0	0	0	0	0	0	0	0
0	0	0	0	0	0	0	0	0	0
0	0	0	0	0	0	0	0	0	0
0	0	0	0	0	0	0	9.92423102254829	26.6982657098236	11.6326565261792
44.2834419179924	0	78.6334046402909	67.3539136010177	94.085797142968	38.9551895789476	66.7930565431813	125.441602703098	112.488085388318	98.0239896352783
0	0	0	0	0	0	0	0	0	0
0	0	0	0	0	0	0	0	0	0
0	0	0	0	0	0	0	0	0	0
0	0	70.4574543107194	120.701508777359	0	0	0	74.9324966197913	0	0
0	0	0	0	0	0	0	0	0	0
287.725467921233	350.373129029285	340.606363077585	145.874209921528	247.434717829527	277.211217077643	165.325157906248	142.308442630089	162.416799106963	197.134834488266
0	0	0	0	0	0	0	0	0	0
0	11.2177207495557	0	0	0	20.8377371914772	0	22.36688853918	10.0286046002669	0
50.9825087700266	0	45.2644156377313	0	0	0	0	0	0	0
0	0	0	0	0	0	0	0	0	0
0	0	0	0	0	0	0	0	0	0
0	0	0	0	0	0	0	0	0	0
0	0	0	0	0	0	0	0	0	0
0	0	0	0	0	0	0	0	0	0
108.351135548825	0	48.0993477236017	0	0	0	40.8567130838249	51.1543348531769	91.7439360299994	59.9603944950658
0	0	0	0	0	0	0	0	0	0
0	0	0	0	0	0	0	0	0	0
725.152410170079	147.173809354949	275.923204306649	236.343672875427	165.072686005327	136.693060438702	273.438241457215	244.540183579558	263.14578058904	229.309612480132
0	0	0	0	0	0	0	0	0	0
0	0	0	0	0	0	0	0	0	0
0	0	0	0	0	0	0	0	0	0
0	0	0	0	0	0	0	0	0	0
0	0	0	0	0	0	0	0	0	0
0	15.2753425495814	0	0	0	0	0	15.2286677406288	0	0
0	0	0	0	0	0	0	0	0	0
16617.7536578505	19157.5664323475	18136.4428793415	19372.5338676318	20395.7773398327	18756.083473924	15959.9922670948	17544.9157442852	19715.9815701507	17707.9106453337
0	0	0	0	0	0	0	0	0	0
0	0	0	0	0	0	0	0	0	0
0	0	0	0	0	0	0	0	0	0
2.45507066830119	0	0	0	2.60805473631879	8.63869104759254	0	6.9544729596987	0	5.43444256634561
0	0	0	0	0	0	0	0	0	0
6.53161262621283	0	0	0	0	0	0	0	0	0
0	0	0	0	0	0	0	0	0	0
0	0	0	0	0	0	0	0	0	0
0	0	0	0	0	0	0	0	0	0
0	0	0	0	0	0	0	0	0	0
0	0	0	0	0	0	0	0	0	0
0	0	0	0	0	0	0	0	0	0
291.913425893857	324.147746127774	196.614013309277	84.2054552118231	85.5458140043123	274.49960197485	75.9129773745233	389.689675012235	460.249931992235	512.477630839519
5.39839753774569	15.3388971264467	9.58584878702111	45.159488981918	11.4695812618638	14.2465619471167	8.14244458795595	30.5840562446496	0	65.7231784053468
0	0	0	0	0	0	0	0	0	0
0	0	0	0	0	0	0	0	0	0
29.2313117025554	0	6.48819700354977	5.55750399467705	0	0	5.51122657481051	13.8005780876777	18.5632267072809	8.08815234106915
1476.23964863055	993.751880562189	1234.84390305359	1326.78026608794	1749.6773417913	955.18051589113	1573.35802161872	1393.91353726153	1322.28589700783	1512.34379119478
